sample_id,silkworm_count,instar,batch_age_days,leaf_quality_score,previous_recommended_kg,previous_actual_kg,previous_wastage_pct,recommended_daily_kg,actual_consumed_kg,feedings_per_day,quantity_per_feed_kg,actual_wastage_pct
1,6639,1,3,46.7,,,,0.2,0.2,3,0.07,7.8
2,32651,5,17,32.0,123.4,111.7,2.5,126.4,117.3,4,31.6,3.2
3,34439,2,7,48.9,4.4,4.1,5.0,4.2,4.1,3,1.4,6.7
4,11698,3,8,55.8,3.8,3.6,7.4,4.1,3.7,4,1.02,4.8
5,10164,4,16,49.9,15.9,15.5,5.8,14.8,13.7,4,3.7,8.8
6,10229,3,9,88.9,3.4,3.6,7.2,3.5,3.2,4,0.88,3.7
7,44920,1,2,66.3,0.9,0.9,10.4,0.9,1.0,3,0.3,7.3
8,8665,3,9,85.9,2.9,2.6,4.7,3.0,3.3,4,0.75,2.4
9,47954,2,6,56.9,5.2,5.0,5.7,5.4,5.1,3,1.8,5.2
10,33077,5,21,57.2,156.3,156.6,4.4,142.2,128.2,4,35.55,6.2
11,49596,2,6,70.6,5.3,5.3,7.3,5.3,5.0,3,1.77,1.4
12,49676,1,3,82.3,0.9,0.8,6.4,1.0,0.9,3,0.33,7.3
13,16708,5,21,92.1,60.4,62.1,1.9,65.3,67.0,4,16.32,7.4
14,39757,5,17,70.7,123.4,120.0,7.8,140.5,156.9,4,35.12,5.6
15,42182,2,5,35.8,3.9,4.1,5.6,4.5,4.8,3,1.5,9.0
16,15821,5,19,65.9,65.9,71.6,6.6,60.4,64.1,4,15.1,3.5
17,49019,4,14,59.8,57.0,53.9,2.6,64.7,62.2,4,16.18,4.0
18,5471,2,5,78.1,,,,0.5,0.4,3,0.17,6.0
19,26654,1,1,65.0,0.5,0.5,7.3,0.5,0.5,3,0.17,2.9
20,35996,2,6,42.9,,,,4.0,3.9,3,1.33,4.5
21,49129,1,1,34.1,1.1,1.0,9.0,1.0,0.9,3,0.33,6.7
22,23254,2,6,47.0,2.5,2.7,6.8,2.6,2.6,3,0.87,16.0
23,11112,1,2,41.3,0.2,0.2,10.4,0.2,0.2,3,0.07,2.7
24,34819,3,10,58.8,15.3,15.5,10.0,13.9,14.6,4,3.48,7.2
25,42957,1,1,80.9,,,,0.8,0.8,3,0.27,9.7
26,39807,5,18,33.9,170.4,155.7,8.6,160.3,156.6,4,40.08,7.1
27,21135,5,21,70.4,82.8,84.2,0.4,86.7,80.5,4,21.68,4.2
28,20642,3,10,56.9,7.6,7.3,6.0,8.2,8.1,4,2.05,5.0
29,11552,5,17,66.6,36.0,34.9,6.4,40.8,38.7,4,10.2,5.8
30,40600,4,14,71.6,51.9,46.8,6.2,51.2,53.2,4,12.8,3.6
31,22332,2,5,90.5,1.9,1.8,7.4,2.1,2.2,3,0.7,9.2
32,38122,3,11,47.1,13.9,14.3,6.3,16.1,15.5,4,4.03,5.3
33,46753,2,6,41.0,5.3,5.4,10.7,5.2,5.4,3,1.73,10.9
34,40755,2,5,86.8,3.4,3.1,5.5,3.8,4.1,3,1.27,12.0
35,28449,1,2,76.4,0.6,0.6,11.8,0.6,0.6,3,0.2,3.2
36,15649,2,5,89.9,,,,1.5,1.6,3,0.5,4.1
37,22485,2,5,83.5,,,,2.1,2.3,3,0.7,12.0
38,19577,4,13,85.5,20.7,21.9,5.6,22.3,20.7,4,5.58,6.0
39,23258,3,8,95.7,7.5,7.3,8.5,7.4,8.2,4,1.85,5.6
40,22118,1,2,69.5,0.4,0.4,6.0,0.5,0.5,3,0.17,11.6
41,12578,5,20,91.2,,,,47.5,42.3,4,11.88,2.2
42,48950,5,18,54.8,,,,188.5,195.9,4,47.12,6.2
43,45839,3,10,75.1,,,,17.5,19.2,4,4.38,2.3
44,31371,3,10,67.7,,,,12.0,12.5,4,3.0,5.8
45,49388,4,13,71.9,58.3,52.5,5.0,59.1,60.2,4,14.78,8.1
46,35473,3,11,60.1,13.8,14.9,6.3,14.3,12.9,4,3.58,4.5
47,48506,5,22,72.1,,,,206.0,228.3,4,51.5,5.2
48,14656,2,5,33.1,1.6,1.7,8.7,1.6,1.6,3,0.53,9.5
49,37399,4,15,46.6,44.1,46.3,3.8,51.8,55.2,4,12.95,7.6
50,38944,2,6,33.4,4.9,4.9,8.3,4.6,4.9,3,1.53,3.3
51,25794,5,23,90.6,111.0,111.1,-0.2,107.8,116.4,4,26.95,1
52,34495,4,14,81.1,38.1,40.2,4.2,41.4,41.2,4,10.35,5.7
53,20367,3,10,52.8,7.0,6.5,8.1,8.1,7.9,4,2.02,7.0
54,31712,4,14,66.9,36.1,35.5,6.6,40.0,43.9,4,10.0,2.2
55,29928,5,20,30.4,134.9,144.4,3.4,129.9,144.0,4,32.48,1.4
56,44534,5,18,63.2,159.0,155.5,6.6,163.7,170.3,4,40.92,6.2
57,13364,4,16,66.3,18.5,19.1,2.4,18.5,16.7,4,4.62,1
58,8295,2,6,55.8,0.8,0.8,8.7,0.9,0.9,3,0.3,7.1
59,10367,3,11,31.3,5.1,4.9,2.2,4.6,4.8,4,1.15,6.7
60,21205,1,2,87.1,0.4,0.4,5.2,0.4,0.4,3,0.13,10.6
61,29175,3,9,71.2,10.8,11.4,5.3,10.5,9.7,4,2.62,4.8
62,42735,3,11,57.0,15.7,16.3,8.4,18.1,18.7,4,4.53,9.4
63,12933,5,23,96.9,50.7,50.0,7.1,54.1,52.4,4,13.53,2.7
64,37125,4,12,59.5,47.3,46.9,5.4,44.1,40.4,4,11.03,6.9
65,45364,3,11,61.6,18.3,17.6,8.2,18.3,17.2,4,4.58,7.9
66,20981,4,15,68.7,26.0,26.0,4.9,27.8,26.6,4,6.95,3.2
67,27304,3,10,89.9,9.1,8.2,6.1,9.9,11.0,4,2.48,9.4
68,41384,4,13,77.0,48.1,50.9,7.1,49.5,44.7,4,12.38,6.2
69,48513,3,10,62.2,17.7,18.6,9.0,18.5,17.7,4,4.62,5.4
70,20108,3,8,79.0,6.9,7.5,4.5,6.7,7.0,4,1.68,7.5
71,43639,3,10,96.7,14.6,14.2,9.1,15.8,15.1,4,3.95,5.7
72,8573,1,3,77.4,,,,0.2,0.2,3,0.07,6.7
73,11723,4,12,69.0,12.8,12.0,10.0,13.3,13.2,4,3.33,7.4
74,31260,1,4,35.0,0.7,0.7,6.4,0.8,0.9,3,0.27,7.2
75,41573,1,4,71.2,0.9,0.9,5.9,1.0,1.1,3,0.33,8.8
76,25013,4,16,72.2,35.9,39.1,5.9,34.7,36.0,4,8.68,7.2
77,20719,2,5,67.5,,,,2.0,2.0,3,0.67,6.0
78,20170,1,3,78.1,0.4,0.4,5.9,0.4,0.4,3,0.13,8.8
79,32861,2,5,67.0,3.4,3.6,4.3,3.2,2.9,3,1.07,8.1
80,23914,5,20,38.5,106.4,115.8,6.5,103.8,103.8,4,25.95,4.0
81,33313,1,3,71.1,,,,0.7,0.7,3,0.23,8.0
82,43477,5,17,98.0,134.2,121.9,5.1,146.3,151.6,4,36.58,2.2
83,16894,3,11,73.2,5.9,5.7,4.5,6.8,7.4,4,1.7,9.2
84,31977,3,11,49.6,14.2,14.3,4.3,13.5,12.9,4,3.38,6.6
85,38724,4,12,74.7,41.9,39.3,3.3,43.9,45.2,4,10.97,8.7
86,18340,1,3,67.3,0.4,0.4,11.9,0.4,0.4,3,0.13,12.6
87,15379,2,6,67.5,1.4,1.5,8.9,1.6,1.5,3,0.53,5.6
88,37661,2,7,49.8,4.4,4.4,4.8,4.6,4.2,3,1.53,7.5
89,44280,2,7,80.7,,,,4.9,4.4,3,1.63,7.7
90,38275,3,10,85.8,12.9,13.1,2.1,13.9,15.6,4,3.48,4.6
91,36741,5,19,52.6,138.8,150.8,5.1,147.0,160.0,4,36.75,6.8
92,20306,4,15,33.0,30.2,32.1,5.3,29.4,28.6,4,7.35,3.1
93,37461,2,5,38.6,3.7,3.4,3.8,4.0,4.3,3,1.33,11.4
94,14447,1,4,89.2,0.3,0.3,10.6,0.3,0.3,3,0.1,6.2
95,26532,1,4,94.9,0.6,0.6,6.6,0.6,0.6,3,0.2,6.6
96,19908,3,8,59.5,,,,7.0,7.2,4,1.75,4.8
97,34076,1,2,77.2,0.6,0.6,7.5,0.7,0.6,3,0.23,10.3
98,32004,5,21,76.4,,,,131.3,121.1,4,32.83,3.1
99,37615,2,7,39.7,4.4,4.2,5.8,4.8,4.2,3,1.6,8.8
100,15353,5,17,60.0,54.1,55.6,0.9,54.3,53.3,4,13.57,5.0
101,30211,2,6,37.3,3.3,3.2,10.9,3.5,3.7,3,1.17,11.7
102,22988,4,12,68.5,27.0,24.6,6.0,26.1,26.8,4,6.53,1
103,20081,3,10,44.9,,,,8.0,7.5,4,2.0,6.1
104,46172,2,5,91.4,4.0,4.0,4.2,4.3,3.9,3,1.43,5.1
105,26411,3,11,41.9,,,,11.2,11.3,4,2.8,9.0
106,15783,3,10,92.2,6.2,5.9,5.6,5.7,6.2,4,1.43,6.9
107,14224,1,2,88.5,0.3,0.3,5.9,0.3,0.3,3,0.1,5.1
108,22331,1,1,60.9,0.4,0.4,10.6,0.4,0.4,3,0.13,9.1
109,35898,2,5,72.1,3.3,3.4,6.6,3.5,3.6,3,1.17,5.2
110,47548,3,11,37.9,,,,21.1,18.8,4,5.28,3.9
111,12610,4,12,46.0,14.2,13.8,8.4,15.0,15.1,4,3.75,4.3
112,15126,5,20,74.5,60.1,65.4,4.4,59.9,55.8,4,14.97,8.8
113,20473,4,14,36.8,27.9,30.6,4.2,28.3,26.2,4,7.08,7.5
114,34800,1,1,75.1,0.7,0.6,8.3,0.7,0.6,3,0.23,6.2
115,18448,5,17,86.4,61.9,65.8,5.4,62.1,66.4,4,15.53,9.3
116,5185,5,19,88.4,,,,18.9,17.2,4,4.72,5.0
117,13637,1,1,54.4,0.3,0.3,9.2,0.3,0.3,3,0.1,9.8
118,9165,1,4,60.5,0.2,0.2,9.5,0.2,0.2,3,0.07,5.0
119,24767,5,20,73.7,,,,98.1,109.8,4,24.52,2.3
120,32936,4,12,63.3,32.4,29.7,4.9,37.3,35.3,4,9.32,4.9
121,40937,5,22,52.1,178.9,177.2,4.3,182.1,190.9,4,45.52,4.3
122,19091,5,20,60.7,70.7,70.0,4.2,75.6,74.3,4,18.9,5.6
123,29530,3,9,76.7,9.3,8.5,3.0,10.6,10.3,4,2.65,7.7
124,41462,2,5,69.9,3.8,3.5,5.2,4.1,4.3,3,1.37,9.9
125,23850,1,3,53.9,0.5,0.5,8.2,0.5,0.5,3,0.17,9.2
126,12529,3,10,69.0,5.1,5.6,7.1,4.8,5.0,4,1.2,2.9
127,44911,1,3,32.0,1.1,1.2,7.2,1.1,1.0,3,0.37,9.3
128,9560,4,13,80.4,9.5,9.6,3.9,10.9,10.0,4,2.73,7.4
129,26258,3,8,90.1,,,,8.4,8.9,4,2.1,7.0
130,48380,4,15,63.0,58.8,61.8,5.8,64.0,58.1,4,16.0,3.7
131,36891,5,21,75.4,,,,151.4,147.6,4,37.85,5.9
132,8590,5,17,43.9,33.1,34.8,4.8,31.8,31.8,4,7.95,6.2
133,16514,4,13,55.9,20.2,21.5,5.8,20.7,22.5,4,5.17,4.6
134,33588,1,1,61.3,,,,0.6,0.6,3,0.2,5.7
135,23973,4,12,57.5,25.4,27.7,6.4,28.5,28.2,4,7.12,4.6
136,11937,4,13,59.6,13.0,14.0,3.7,15.0,15.9,4,3.75,6.3
137,38455,1,1,66.1,,,,0.7,0.7,3,0.23,12.3
138,47299,3,9,46.1,,,,17.8,16.5,4,4.45,2.6
139,16609,1,4,61.5,0.4,0.4,6.0,0.4,0.4,3,0.13,3.4
140,46105,3,10,40.3,,,,18.4,18.1,4,4.6,1
141,23001,3,8,53.9,,,,8.1,8.0,4,2.02,8.3
142,10028,3,8,71.8,3.3,3.3,6.4,3.4,3.6,4,0.85,8.2
143,47718,5,18,51.9,163.2,148.9,3.7,183.8,166.3,4,45.95,6.8
144,38066,1,2,32.7,1.0,1.0,6.9,0.9,0.9,3,0.3,4.3
145,31789,4,14,76.2,,,,40.1,41.4,4,10.03,9.7
146,9319,3,10,36.4,3.6,3.8,3.6,3.9,4.2,4,0.97,1.5
147,10341,3,9,92.3,3.5,3.6,8.2,3.5,3.2,4,0.88,8.8
148,29686,5,22,83.8,122.2,130.2,4.8,120.1,120.9,4,30.02,1.2
149,38324,4,14,31.2,57.5,55.7,5.6,52.9,59.2,4,13.22,3.9
150,10057,2,6,87.4,,,,1.0,1.1,3,0.33,9.6
151,48380,1,3,89.6,1.0,0.9,4.4,1.0,0.9,3,0.33,6.8
152,33683,2,5,57.9,3.2,3.2,4.4,3.5,3.3,3,1.17,7.0
153,20674,5,19,95.7,80.9,75.9,2.8,75.2,78.4,4,18.8,2.6
154,30026,3,11,95.7,12.2,11.3,5.1,11.6,10.9,4,2.9,2.8
155,11723,5,22,87.5,43.7,46.0,1.8,47.4,44.8,4,11.85,6.2
156,11010,4,13,85.5,13.6,13.4,4.9,12.6,12.3,4,3.15,3.8
157,29570,1,2,31.9,0.7,0.7,9.4,0.7,0.7,3,0.23,9.3
158,14095,4,15,60.5,,,,18.6,16.7,4,4.65,7.1
159,19133,3,9,67.3,6.8,6.3,5.6,6.9,6.2,4,1.73,8.1
160,46874,4,16,61.1,,,,65.0,71.3,4,16.25,5.1
161,42686,5,18,78.9,133.4,129.5,4.8,156.9,159.6,4,39.23,6.4
162,28632,5,17,94.8,100.9,101.1,7.7,96.4,85.3,4,24.1,5.5
163,29464,4,14,80.8,30.7,29.1,5.1,35.4,36.7,4,8.85,8.1
164,13743,3,8,54.0,4.9,5.2,7.6,4.8,5.0,4,1.2,8.8
165,13837,2,5,78.7,1.2,1.1,6.7,1.4,1.5,3,0.47,8.6
166,38776,3,11,97.3,13.6,14.3,4.9,14.9,13.8,4,3.73,3.3
167,22905,3,8,84.4,6.9,6.8,8.7,7.3,8.1,4,1.82,5.1
168,29074,4,16,48.1,,,,42.2,41.4,4,10.55,6.9
169,44482,4,13,67.1,46.3,47.8,4.6,53.2,52.3,4,13.3,8.7
170,28038,4,15,32.9,38.1,41.9,4.6,40.6,45.0,4,10.15,12.4
171,48986,1,4,54.7,1.2,1.3,9.7,1.2,1.3,3,0.4,10.7
172,13272,1,1,46.0,0.3,0.3,9.1,0.3,0.3,3,0.1,8.3
173,29380,3,11,81.9,11.1,10.9,5.1,11.3,10.3,4,2.83,4.5
174,37705,2,7,56.3,4.2,4.0,0.7,4.6,4.4,3,1.53,9.8
175,18118,4,12,39.2,,,,22.5,20.7,4,5.62,3.5
176,48767,3,10,78.2,17.2,16.5,-0.7,18.6,17.1,4,4.65,5.0
177,28690,2,7,45.2,3.7,3.5,4.0,3.5,3.5,3,1.17,4.9
178,41152,4,13,71.6,,,,49.3,47.0,4,12.32,8.0
179,39451,4,15,82.3,43.2,47.3,4.1,49.7,51.8,4,12.43,3.4
180,13410,3,9,82.2,,,,4.6,4.6,4,1.15,9.2
181,15028,5,19,41.2,61.7,59.8,2.2,60.1,66.5,4,15.03,8.8
182,17864,3,10,38.5,7.4,7.4,3.6,7.5,6.9,4,1.88,7.4
183,44658,5,19,87.3,171.5,155.3,4.6,162.4,144.7,4,40.6,2.9
184,42495,2,6,72.0,,,,4.5,4.9,3,1.5,4.5
185,23983,5,22,95.1,102.0,105.8,4.8,97.0,86.8,4,24.25,5.9
186,32238,4,15,61.6,37.8,40.5,3.0,42.7,41.1,4,10.68,12.2
187,13569,4,14,65.0,,,,17.1,16.0,4,4.28,7.5
188,11344,2,5,49.7,1.2,1.1,8.5,1.2,1.3,3,0.4,8.2
189,25494,5,18,81.9,87.4,87.4,6.5,89.3,85.2,4,22.32,11.0
190,34965,5,18,44.6,116.2,116.1,5.7,134.7,147.1,4,33.67,3.4
191,5535,5,23,37.3,,,,26.6,25.1,4,6.65,2.7
192,31427,3,10,33.1,,,,13.1,13.3,4,3.27,4.7
193,38046,4,15,82.0,52.6,54.5,6.8,47.9,43.5,4,11.97,8.0
194,41558,3,10,81.3,,,,15.1,15.1,4,3.77,5.6
195,7638,5,17,32.6,31.1,31.2,7.5,29.6,27.0,4,7.4,9.3
196,25875,5,18,56.7,105.7,107.7,2.6,99.7,99.5,4,24.93,4.9
197,24647,5,20,85.5,94.7,103.8,1.9,93.0,98.0,4,23.25,2.8
198,44119,1,4,48.1,1.2,1.2,8.1,1.1,1.1,3,0.37,8.8
199,46223,5,22,72.1,174.1,180.4,9.8,196.3,177.9,4,49.08,6.2
200,33903,1,3,58.5,0.7,0.7,6.3,0.8,0.9,3,0.27,6.2
201,14049,1,2,68.1,0.3,0.3,10.1,0.3,0.3,3,0.1,7.3
202,28218,5,22,82.5,115.3,119.8,4.0,114.1,107.2,4,28.52,4.0
203,24562,5,18,94.0,89.7,93.4,4.2,86.0,85.6,4,21.5,2.3
204,22921,5,19,38.3,90.6,99.3,7.1,95.9,102.9,4,23.98,1
205,7756,3,10,95.0,,,,2.8,3.1,4,0.7,3.7
206,18242,2,7,48.4,2.0,1.8,4.2,2.2,2.3,3,0.73,7.1
207,19789,5,22,45.8,,,,88.0,84.4,4,22.0,5.8
208,11589,4,13,30.4,16.5,16.2,9.3,15.2,15.1,4,3.8,3.5
209,23824,2,6,49.4,,,,2.7,2.9,3,0.9,6.0
210,16473,1,4,90.0,,,,0.4,0.4,3,0.13,6.5
211,37465,4,13,93.7,46.2,49.7,8.1,42.7,38.7,4,10.68,5.7
212,23649,3,11,97.3,8.9,9.7,7.3,9.1,8.4,4,2.27,3.7
213,26671,1,2,79.7,0.5,0.5,7.1,0.5,0.5,3,0.17,9.8
214,16501,2,7,88.2,1.9,1.9,9.5,1.8,1.7,3,0.6,8.9
215,36290,2,6,93.6,,,,3.7,3.6,3,1.23,5.1
216,24788,3,8,47.8,7.9,8.2,6.5,8.7,8.6,4,2.17,8.0
217,12694,3,10,55.0,5.6,5.6,8.6,5.1,5.0,4,1.27,8.4
218,35856,5,23,66.6,142.4,135.2,4.9,157.4,167.0,4,39.35,5.7
219,39614,4,14,35.3,47.3,47.8,4.9,54.7,54.8,4,13.68,4.2
220,39101,3,11,37.9,17.2,15.8,5.5,17.3,17.3,4,4.33,7.0
221,32225,5,20,68.3,130.0,125.0,2.9,127.7,113.0,4,31.93,5.0
222,42900,2,5,33.1,4.0,4.4,7.2,4.6,5.1,3,1.53,12.3
223,23814,1,4,42.2,,,,0.6,0.6,3,0.2,10.4
224,29540,4,15,60.5,36.9,33.8,9.5,39.1,35.7,4,9.78,4.4
225,12774,3,9,97.5,3.9,4.3,7.7,4.4,4.9,4,1.1,2.4
226,49138,4,16,58.8,64.7,64.2,6.2,71.3,77.7,4,17.82,6.8
227,7111,1,4,71.8,0.2,0.2,10.4,0.2,0.2,3,0.07,9.4
228,21038,1,1,57.4,0.4,0.4,10.2,0.4,0.4,3,0.13,9.0
229,25899,5,21,70.7,98.9,95.0,6.8,106.3,99.2,4,26.57,7.9
230,23032,3,8,67.9,8.0,7.5,4.9,7.7,6.9,4,1.93,3.1
231,47160,3,11,83.4,17.4,16.2,3.6,18.2,18.1,4,4.55,8.9
232,24709,2,7,39.8,2.7,2.7,4.9,3.1,3.0,3,1.03,8.5
233,18325,3,10,74.0,7.4,6.8,5.8,7.0,6.6,4,1.75,4.4
234,44513,5,17,89.4,,,,149.8,159.2,4,37.45,4.5
235,18689,4,14,50.6,22.3,20.9,3.0,24.7,26.1,4,6.17,5.4
236,44610,2,7,43.9,5.3,5.6,3.6,5.4,5.2,3,1.8,4.7
237,28569,3,11,61.7,11.9,12.5,5.6,11.5,11.0,4,2.88,6.6
238,41865,1,2,80.4,,,,0.8,0.8,3,0.27,10.1
239,42954,5,22,58.4,,,,191.1,183.3,4,47.77,1.6
240,41086,4,14,47.5,59.2,60.9,8.1,54.2,54.1,4,13.55,7.7
241,14172,2,7,67.2,,,,1.6,1.7,3,0.53,10.9
242,39337,1,1,87.1,,,,0.7,0.8,3,0.23,8.3
243,46333,2,5,34.6,,,,5.0,4.7,3,1.67,7.1
244,29458,4,12,72.0,33.5,33.4,5.3,33.4,33.8,4,8.35,5.5
245,6096,1,3,66.4,0.1,0.1,3.7,0.1,0.1,3,0.03,10.5
246,39366,1,2,46.4,0.7,0.7,8.2,0.8,0.9,3,0.27,7.0
247,42027,4,13,97.3,48.9,52.3,3.3,47.9,50.9,4,11.97,1.4
248,31560,1,4,55.6,0.8,0.8,11.4,0.8,0.8,3,0.27,10.4
249,42083,3,8,90.8,12.2,13.2,5.1,13.4,12.7,4,3.35,3.0
250,49854,1,3,91.2,0.9,1.0,6.0,1.0,1.0,3,0.33,13.9
251,10042,4,14,41.0,14.1,13.8,6.9,13.3,14.1,4,3.33,4.1
252,10139,2,7,80.7,1.0,0.9,9.4,1.1,1.1,3,0.37,8.6
253,30998,5,23,52.2,149.0,147.5,5.3,142.5,138.2,4,35.62,8.1
254,49544,2,7,74.9,,,,5.7,5.9,3,1.9,8.2
255,22561,1,2,55.8,0.4,0.4,5.0,0.5,0.5,3,0.17,13.0
256,28587,4,14,37.0,,,,39.5,38.8,4,9.88,8.8
257,41355,5,21,57.7,,,,177.8,171.6,4,44.45,7.8
258,30246,3,8,49.8,9.2,9.9,7.5,10.6,11.6,4,2.65,9.2
259,49912,2,6,41.5,5.1,4.7,6.6,5.6,5.2,3,1.87,6.7
260,28666,1,3,94.2,0.6,0.6,9.7,0.6,0.6,3,0.2,8.2
261,26772,4,16,55.8,37.3,36.8,5.7,38.9,41.9,4,9.72,3.5
262,26015,3,9,62.6,,,,9.3,9.1,4,2.33,3.3
263,24100,3,11,95.8,8.7,8.3,6.4,9.3,10.3,4,2.33,3.7
264,43812,2,7,42.2,4.5,4.7,8.3,5.3,5.7,3,1.77,6.4
265,31813,1,4,39.5,0.7,0.7,6.3,0.8,0.8,3,0.27,9.1
266,36407,5,21,57.3,169.0,175.5,1.6,156.5,151.2,4,39.12,3.8
267,43916,5,22,92.2,,,,177.6,166.9,4,44.4,4.2
268,7903,5,21,96.9,29.4,30.9,4.0,30.9,34.4,4,7.72,4.7
269,19549,3,9,60.3,7.3,7.4,6.1,7.0,7.0,4,1.75,5.7
270,24361,1,4,92.6,,,,0.5,0.5,3,0.17,8.5
271,27828,2,6,53.3,3.0,2.9,9.6,3.1,3.1,3,1.03,9.3
272,24678,1,1,85.1,,,,0.5,0.5,3,0.17,5.8
273,20985,2,7,41.9,,,,2.5,2.5,3,0.83,4.0
274,20194,4,15,72.8,,,,26.7,27.7,4,6.67,2.3
275,34463,2,7,59.2,,,,4.2,3.9,3,1.4,9.5
276,9100,3,8,84.4,2.7,2.5,8.2,2.9,2.9,4,0.72,8.4
277,44123,3,11,71.6,16.7,17.9,3.3,17.8,18.7,4,4.45,2.9
278,45270,3,8,75.7,13.8,12.7,5.2,15.2,14.8,4,3.8,7.0
279,14035,5,21,56.1,,,,60.3,62.3,4,15.07,3.7
280,41366,2,5,63.3,,,,4.1,3.9,3,1.37,3.6
281,45593,4,12,88.9,47.8,44.9,3.6,49.2,51.0,4,12.3,7.6
282,49872,4,15,58.3,67.2,61.6,8.8,69.1,65.7,4,17.27,6.3
283,19735,3,10,41.4,8.2,8.6,5.1,7.9,7.2,4,1.98,5.6
284,29042,5,21,85.9,,,,113.5,119.5,4,28.38,1
285,47839,1,2,50.2,1.0,1.0,6.3,1.0,1.1,3,0.33,1
286,18754,2,7,70.0,2.3,2.4,9.4,2.2,2.0,3,0.73,8.1
287,8890,2,7,53.9,1.1,1.1,8.0,1.1,1.2,3,0.37,6.5
288,49518,5,23,36.5,249.0,269.9,6.5,238.0,266.1,4,59.5,5.9
289,21362,2,5,78.4,2.2,2.3,6.2,2.1,2.1,3,0.7,5.3
290,29587,4,15,35.1,44.7,43.8,4.8,42.9,45.5,4,10.72,3.8
291,36984,4,14,69.6,49.5,45.5,1.6,46.6,51.9,4,11.65,2.9
292,40024,1,4,44.8,0.9,0.9,5.7,1.0,1.1,3,0.33,6.3
293,36807,5,23,53.4,145.9,134.2,7.2,169.2,180.7,4,42.3,3.8
294,33920,2,6,30.0,3.6,3.7,7.3,4.0,3.6,3,1.33,6.1
295,11117,3,10,47.0,4.7,4.4,5.0,4.4,4.3,4,1.1,4.7
296,33130,2,7,36.2,,,,4.2,3.9,3,1.4,10.6
297,13696,1,2,65.3,0.3,0.3,10.9,0.3,0.3,3,0.1,11.4
298,9641,4,13,56.0,10.6,10.2,6.3,12.1,12.9,4,3.02,4.6
299,47046,2,7,39.7,5.1,5.3,4.0,6.0,6.2,3,2.0,8.5
300,31981,2,7,76.7,3.2,2.9,7.0,3.7,3.6,3,1.23,3.7
301,25611,4,13,46.8,29.3,29.9,5.2,32.1,35.5,4,8.03,3.5
302,48149,1,3,44.0,1.0,1.0,5.9,1.1,1.2,3,0.37,4.5
303,37432,2,6,37.7,4.4,4.4,12.8,4.4,4.9,3,1.47,6.0
304,30351,2,7,58.6,3.3,3.3,7.8,3.7,3.8,3,1.23,6.9
305,22182,1,2,32.7,,,,0.5,0.5,3,0.17,4.5
306,32225,5,20,77.7,,,,127.7,128.8,4,31.93,4.9
307,15006,5,19,35.7,,,,62.8,69.1,4,15.7,6.4
308,30606,3,8,51.1,11.8,11.2,5.8,10.8,10.1,4,2.7,7.1
309,44900,5,17,51.0,172.0,158.9,4.5,166.2,174.5,4,41.55,4.6
310,39275,3,10,41.4,,,,15.7,16.8,4,3.92,4.6
311,12736,3,8,52.8,4.4,4.2,8.8,4.5,4.5,4,1.12,5.5
312,28601,5,17,64.0,95.2,90.5,7.1,101.1,106.5,4,25.27,7.0
313,38346,2,5,33.0,3.7,3.7,6.2,4.1,4.5,3,1.37,8.0
314,41232,1,4,45.3,1.1,1.1,9.2,1.0,0.9,3,0.33,5.1
315,16753,1,2,84.7,0.3,0.3,6.4,0.3,0.3,3,0.1,8.4
316,10661,3,11,30.5,4.7,4.5,4.4,4.7,4.8,4,1.18,4.1
317,17807,4,16,81.7,20.0,19.6,5.7,23.5,25.4,4,5.88,7.8
318,26955,1,1,81.6,0.5,0.5,9.6,0.5,0.5,3,0.17,14.9
319,14330,1,3,36.3,0.3,0.3,7.4,0.3,0.3,3,0.1,5.7
320,43061,1,1,64.4,0.8,0.8,10.7,0.8,0.7,3,0.27,9.4
321,22104,3,10,93.0,8.5,8.2,4.6,8.0,8.9,4,2.0,6.5
322,43319,2,5,40.6,,,,4.4,4.4,3,1.47,4.4
323,34616,2,6,61.5,3.2,3.4,8.4,3.7,3.5,3,1.23,6.0
324,26482,2,5,36.2,2.6,2.6,4.4,2.8,2.9,3,0.93,6.5
325,31502,1,4,67.8,0.6,0.6,14.1,0.7,0.7,3,0.23,8.6
326,13566,2,5,86.0,1.3,1.3,7.5,1.3,1.3,3,0.43,6.7
327,9225,1,2,91.4,0.2,0.2,11.7,0.2,0.2,3,0.07,7.6
328,8318,4,13,92.8,9.8,9.8,6.0,9.5,9.2,4,2.38,3.4
329,23021,2,6,60.3,,,,2.5,2.6,3,0.83,8.0
330,21107,5,22,50.1,92.7,84.6,4.8,93.9,87.1,4,23.48,6.3
331,21328,5,22,97.6,73.8,72.1,4.5,86.3,92.1,4,21.57,2.2
332,42070,3,10,56.4,,,,16.8,16.1,4,4.2,7.0
333,8839,3,11,66.0,4.0,4.4,10.2,3.6,3.3,4,0.9,4.9
334,19379,1,4,54.1,0.5,0.5,6.7,0.5,0.5,3,0.17,9.3
335,6848,5,22,77.6,28.8,29.2,2.1,29.1,26.9,4,7.28,10.2
336,40528,4,14,41.9,,,,53.5,47.8,4,13.38,5.1
337,19339,5,17,65.8,,,,68.3,75.2,4,17.07,5.4
338,26206,2,5,31.5,3.0,3.2,8.0,2.8,3.0,3,0.93,11.1
339,48393,3,11,69.8,18.2,19.9,2.1,19.6,20.7,4,4.9,2.7
340,47544,4,14,41.8,64.3,69.8,6.6,62.8,67.1,4,15.7,6.1
341,29797,2,6,79.9,2.9,2.6,9.6,3.2,3.4,3,1.07,2.6
342,7122,5,18,71.0,28.6,27.0,3.3,26.2,26.6,4,6.55,6.3
343,20597,1,3,96.8,,,,0.4,0.4,3,0.13,7.5
344,48910,1,3,60.4,1.0,0.9,8.0,1.1,1.0,3,0.37,9.2
345,33719,4,15,95.9,41.4,40.4,4.6,42.5,42.3,4,10.62,5.2
346,47661,5,23,76.7,,,,209.2,187.8,4,52.3,6.2
347,22113,3,8,35.0,,,,8.1,7.9,4,2.02,4.3
348,40851,1,1,53.0,0.9,0.9,5.4,0.8,0.8,3,0.27,9.5
349,15295,4,12,36.9,17.1,17.8,4.9,19.0,17.9,4,4.75,1.5
350,24490,3,9,36.5,9.5,9.5,6.2,9.6,8.6,4,2.4,6.1
351,36478,5,18,36.6,148.3,162.4,4.0,146.9,156.9,4,36.73,5.2
352,37053,4,14,36.2,45.8,49.3,4.0,51.1,48.2,4,12.78,7.5
353,22262,4,13,86.9,22.5,23.4,7.9,25.4,27.3,4,6.35,7.6
354,43648,4,13,67.6,55.1,54.2,1.6,52.2,51.9,4,13.05,4.4
355,36212,2,6,35.4,4.3,4.3,9.9,4.2,4.4,3,1.4,4.4
356,14663,5,17,94.5,53.7,50.1,5.3,49.4,44.0,4,12.35,6.6
357,49769,1,4,43.7,1.1,1.1,6.6,1.2,1.3,3,0.4,11.6
358,30434,1,4,67.5,0.7,0.8,11.1,0.7,0.7,3,0.23,8.3
359,12374,4,15,40.2,17.1,18.7,6.3,17.2,18.4,4,4.3,6.2
360,40103,3,10,89.7,14.8,15.0,4.8,14.6,14.3,4,3.65,6.3
361,44888,5,22,77.2,,,,190.6,208.4,4,47.65,4.1
362,22601,4,14,31.4,28.9,27.6,6.8,31.2,31.1,4,7.8,5.1
363,13807,2,6,96.2,1.5,1.4,6.1,1.4,1.4,3,0.47,6.0
364,31684,2,7,62.9,3.5,3.2,6.0,3.7,4.0,3,1.23,10.6
365,13889,4,16,89.8,,,,18.3,17.0,4,4.58,7.1
366,8776,2,5,32.2,,,,0.9,0.9,3,0.3,7.8
367,38103,4,15,73.2,,,,50.4,44.7,4,12.6,7.8
368,37033,3,11,42.1,15.6,15.1,8.2,15.7,16.6,4,3.92,10.5
369,23682,1,1,56.3,,,,0.5,0.5,3,0.17,12.8
370,49413,2,5,48.3,4.4,4.6,6.1,5.1,5.4,3,1.7,12.5
371,44396,2,5,45.2,5.0,5.2,7.2,4.6,4.8,3,1.53,6.2
372,35080,3,10,44.8,13.7,14.0,10.2,14.0,14.3,4,3.5,15.7
373,41795,3,10,50.3,,,,16.7,15.0,4,4.17,6.4
374,46982,3,10,88.6,17.6,19.0,5.7,17.1,18.2,4,4.28,7.4
375,44323,1,4,74.9,1.0,1.0,9.5,1.0,1.0,3,0.33,8.0
376,7314,4,16,78.1,9.1,9.5,5.9,10.1,10.8,4,2.52,8.5
377,38247,3,10,87.5,14.9,13.9,6.9,13.9,13.1,4,3.48,6.8
378,16997,5,22,91.2,62.2,58.8,6.4,68.7,75.1,4,17.18,3.1
379,22076,3,10,61.5,,,,8.4,7.5,4,2.1,3.8
380,9667,5,20,90.5,38.9,38.0,3.0,36.5,34.7,4,9.12,9.6
381,18126,2,6,57.8,2.2,2.2,8.3,2.0,1.9,3,0.67,6.1
382,26799,4,13,51.3,,,,33.6,33.2,4,8.4,1.3
383,16049,2,7,82.0,1.9,1.7,4.9,1.8,1.8,3,0.6,4.7
384,30121,4,12,32.6,,,,37.4,36.3,4,9.35,7.7
385,17489,5,17,76.0,56.4,58.6,5.2,61.8,59.5,4,15.45,6.7
386,25061,5,18,34.4,,,,100.9,111.8,4,25.23,6.8
387,39097,4,16,65.6,55.4,51.3,7.8,54.2,57.5,4,13.55,5.4
388,31436,2,5,45.5,2.8,2.9,6.0,3.2,3.1,3,1.07,6.2
389,29588,1,3,82.4,0.6,0.5,11.0,0.6,0.5,3,0.2,11.0
390,32313,1,4,55.9,0.8,0.7,7.0,0.8,0.8,3,0.27,4.7
391,48416,1,3,72.4,1.1,1.2,5.2,1.1,1.0,3,0.37,7.7
392,37619,1,2,71.4,0.8,0.9,6.7,0.8,0.7,3,0.27,10.0
393,37529,5,18,76.8,125.4,113.2,5.8,138.0,140.5,4,34.5,5.6
394,14774,4,12,83.0,,,,16.0,16.9,4,4.0,8.5
395,24400,4,14,61.6,,,,30.7,28.3,4,7.67,3.5
396,24042,1,3,84.5,0.5,0.5,8.0,0.5,0.5,3,0.17,7.2
397,26539,2,6,90.8,2.5,2.6,5.7,2.7,2.4,3,0.9,8.6
398,34919,4,14,86.8,40.6,40.0,6.4,41.9,38.2,4,10.47,4.5
399,15446,1,1,58.3,0.3,0.3,8.8,0.3,0.3,3,0.1,10.2
400,49857,1,2,62.8,1.1,1.1,10.7,1.0,0.9,3,0.33,9.4
401,42791,5,22,68.4,184.9,178.9,1.9,181.7,164.0,4,45.42,4.4
402,36583,2,6,75.1,3.5,3.7,9.1,3.9,3.4,3,1.3,4.8
403,38132,2,6,87.9,3.4,3.4,7.3,3.9,3.5,3,1.3,13.6
404,41077,2,7,55.7,4.3,4.3,6.2,5.0,5.0,3,1.67,6.5
405,12779,3,11,80.7,,,,4.9,4.8,4,1.23,9.1
406,44597,1,3,90.5,0.9,0.9,8.6,0.9,0.9,3,0.3,10.1
407,26756,4,16,82.2,36.3,35.3,2.2,35.3,34.9,4,8.82,8.5
408,27371,1,3,86.4,0.6,0.6,9.7,0.6,0.6,3,0.2,9.4
409,31818,2,5,47.3,,,,3.3,3.0,3,1.1,7.4
410,19128,4,15,86.1,,,,24.1,23.2,4,6.03,5.5
411,13075,5,23,90.6,54.6,54.6,4.4,54.7,60.8,4,13.68,9.1
412,33364,5,23,69.8,153.0,165.6,5.1,146.4,153.1,4,36.6,7.1
413,30389,1,3,64.3,0.8,0.9,11.3,0.7,0.7,3,0.23,7.0
414,34677,3,9,39.4,14.6,14.6,11.1,13.6,14.7,4,3.4,3.9
415,46456,5,18,43.7,165.1,160.0,4.5,178.9,186.3,4,44.73,8.6
416,38023,2,7,77.2,3.9,3.8,6.7,4.4,4.4,3,1.47,3.7
417,49187,4,16,49.4,75.1,75.4,4.2,71.4,63.3,4,17.85,7.8
418,22496,2,5,96.9,1.9,1.7,9.4,2.1,2.2,3,0.7,7.9
419,34661,3,8,71.9,11.5,10.9,8.4,11.6,12.0,4,2.9,3.7
420,48548,3,8,93.0,16.9,18.5,7.5,15.5,14.8,4,3.88,5.6
421,18309,3,11,86.4,7.2,7.4,5.9,7.0,7.4,4,1.75,2.7
422,24279,2,6,42.1,2.4,2.2,6.2,2.7,2.7,3,0.9,5.1
423,22317,5,18,40.9,73.2,72.7,6.5,86.0,95.0,4,21.5,10.6
424,8332,5,23,93.4,35.3,35.2,6.1,34.8,35.4,4,8.7,2.3
425,39432,3,9,95.1,14.1,13.1,8.7,13.5,13.6,4,3.38,4.1
426,48472,2,6,52.5,5.9,6.0,8.1,5.4,5.4,3,1.8,3.1
427,12518,1,3,60.3,0.3,0.3,6.7,0.3,0.3,3,0.1,7.1
428,30288,1,3,66.7,0.8,0.9,6.4,0.7,0.7,3,0.23,8.9
429,24427,1,2,51.8,,,,0.5,0.5,3,0.17,5.4
430,39944,5,17,72.6,142.2,134.0,3.5,141.2,131.2,4,35.3,1
431,47373,4,12,80.8,,,,51.2,50.7,4,12.8,5.0
432,16664,1,3,67.9,0.4,0.4,8.7,0.4,0.4,3,0.13,6.2
433,30526,1,1,66.4,0.6,0.6,6.4,0.6,0.6,3,0.2,7.7
434,11955,5,19,83.5,37.9,39.9,4.3,43.5,42.8,4,10.88,2.1
435,15244,4,16,45.0,23.2,24.8,7.3,22.1,21.0,4,5.53,4.1
436,5730,3,9,38.4,,,,2.2,2.3,4,0.55,4.4
437,40882,5,17,50.7,162.9,157.8,2.5,151.4,151.9,4,37.85,6.9
438,17058,2,5,71.9,1.5,1.6,6.4,1.7,1.8,3,0.57,6.7
439,35229,5,22,67.4,129.7,119.3,4.6,149.6,143.5,4,37.4,2.1
440,48994,2,7,45.9,5.1,4.8,5.2,5.9,6.1,3,1.97,7.2
441,14987,5,21,68.5,67.0,62.6,3.6,61.5,64.6,4,15.38,9.0
442,23132,4,14,39.1,34.1,33.8,4.4,31.9,32.3,4,7.97,7.2
443,47306,2,7,35.6,6.3,6.8,8.1,6.0,6.2,3,2.0,10.8
444,6220,1,1,85.3,0.1,0.1,9.5,0.1,0.1,3,0.03,8.4
445,35939,5,22,82.7,131.6,138.8,4.8,145.3,144.1,4,36.33,2.9
446,10934,5,20,54.7,,,,45.4,42.6,4,11.35,11.9
447,38694,2,5,60.3,,,,3.8,4.2,3,1.27,5.4
448,36686,2,6,32.7,3.9,3.7,7.3,4.3,4.3,3,1.43,10.7
449,30434,3,11,92.4,10.1,10.4,10.2,11.7,12.1,4,2.92,10.0
450,22256,3,9,55.6,8.4,9.1,7.3,8.4,9.4,4,2.1,6.9
451,38840,2,6,54.0,4.2,4.2,5.1,4.3,3.9,3,1.43,5.2
452,20072,2,5,65.0,1.8,1.7,4.0,2.0,2.1,3,0.67,4.2
453,26641,4,12,62.7,27.3,25.5,5.7,30.2,26.9,4,7.55,5.0
454,43820,5,18,39.2,189.2,175.8,7.3,176.4,177.1,4,44.1,9.9
455,44279,4,16,73.4,63.4,67.5,6.8,61.4,63.0,4,15.35,4.9
456,36566,4,13,44.9,40.7,41.4,5.8,45.9,46.0,4,11.47,2.0
457,49930,2,6,92.7,4.4,4.3,7.2,5.1,5.1,3,1.7,7.3
458,49850,5,20,86.2,168.2,181.7,1.7,188.1,189.5,4,47.02,2.0
459,11107,1,4,74.8,0.3,0.3,10.8,0.3,0.3,3,0.1,6.6
460,29273,4,12,77.4,36.0,35.9,5.7,33.2,35.6,4,8.3,3.2
461,11403,5,20,39.1,45.0,48.2,4.2,49.5,48.4,4,12.38,10.0
462,5358,2,7,80.6,,,,0.6,0.6,3,0.2,4.6
463,25702,2,6,54.6,,,,2.9,3.0,3,0.97,6.7
464,22124,3,11,68.4,9.8,9.6,6.7,8.9,9.0,4,2.23,9.0
465,29262,2,7,67.7,3.2,3.1,6.1,3.4,3.7,3,1.13,3.1
466,20058,1,4,83.3,0.4,0.4,8.8,0.4,0.4,3,0.13,3.6
467,15534,1,4,95.6,,,,0.3,0.3,3,0.1,11.5
468,10776,4,12,47.9,12.8,13.4,9.1,12.8,14.1,4,3.2,2.5
469,44155,3,8,94.3,14.2,14.0,7.7,14.1,13.1,4,3.52,3.5
470,17762,3,8,83.3,5.8,5.9,3.0,5.7,5.9,4,1.43,3.7
471,10691,2,6,83.0,1.0,1.0,9.3,1.1,1.1,3,0.37,6.9
472,41018,1,3,79.4,0.9,0.9,7.2,0.9,1.0,3,0.3,9.0
473,31473,4,16,30.3,,,,47.8,47.9,4,11.95,11.8
474,9743,5,21,50.0,44.0,48.0,7.6,41.9,42.7,4,10.47,1.8
475,29712,4,16,62.9,38.5,40.6,3.7,41.2,44.8,4,10.3,1
476,12619,4,14,34.6,19.1,19.8,5.7,17.4,19.3,4,4.35,7.7
477,40104,5,17,77.7,130.6,128.0,5.0,141.7,143.6,4,35.42,2.7
478,36231,2,6,54.0,3.8,4.1,5.2,4.1,4.1,3,1.37,2.0
479,20391,2,7,46.5,2.3,2.5,8.0,2.5,2.7,3,0.83,5.0
480,10143,1,4,71.7,0.2,0.2,5.2,0.2,0.2,3,0.07,8.4
481,23004,5,20,42.4,93.4,91.5,5.0,95.5,96.1,4,23.88,3.7
482,36347,4,16,32.2,58.8,62.0,4.5,55.2,55.4,4,13.8,5.8
483,5551,3,8,75.8,1.7,1.7,6.8,1.9,1.8,4,0.47,4.8
484,35890,3,10,54.9,12.9,13.4,3.3,14.3,13.5,4,3.58,9.5
485,42447,2,5,96.6,4.2,4.4,7.8,4.0,4.3,3,1.33,4.0
486,14558,2,7,40.2,1.6,1.6,10.9,1.8,1.8,3,0.6,6.9
487,36891,3,10,47.1,12.7,11.7,6.7,14.7,13.8,4,3.67,7.5
488,34481,1,3,47.7,0.8,0.8,6.9,0.8,0.8,3,0.27,10.1
489,18038,5,21,69.2,66.1,69.8,3.2,74.0,73.8,4,18.5,8.0
490,10138,4,15,71.7,14.6,15.7,2.6,13.4,13.1,4,3.35,1.1
491,42462,5,20,87.7,,,,160.2,147.2,4,40.05,5.3
492,22529,3,11,48.4,10.1,9.8,7.7,9.5,9.7,4,2.38,8.5
493,6513,2,5,79.5,0.7,0.7,6.6,0.6,0.5,3,0.2,7.6
494,36010,1,1,31.8,0.8,0.7,8.8,0.8,0.8,3,0.27,10.0
495,25274,4,13,46.8,31.9,29.5,7.9,31.7,34.3,4,7.92,9.1
496,36205,3,11,96.3,12.8,12.7,6.5,13.9,15.5,4,3.48,5.5
497,34920,5,22,80.9,135.4,139.2,3.8,141.2,142.3,4,35.3,7.4
498,10869,2,6,50.9,1.1,1.0,5.8,1.2,1.2,3,0.4,7.1
499,35749,3,8,76.8,12.5,12.0,4.9,12.0,12.8,4,3.0,7.0
500,40927,1,3,42.8,0.9,0.9,5.4,0.9,0.9,3,0.3,5.1
501,22234,2,5,58.7,2.4,2.6,4.0,2.3,2.5,3,0.77,6.2
502,22617,5,20,42.8,,,,93.9,85.7,4,23.48,3.1
503,46739,1,4,72.0,1.1,1.0,8.6,1.1,1.1,3,0.37,8.1
504,11702,2,6,48.3,1.3,1.2,8.4,1.3,1.3,3,0.43,9.4
505,37662,3,10,61.5,13.4,14.3,6.6,14.4,15.4,4,3.6,5.7
506,40598,1,4,42.3,0.9,0.9,13.4,1.0,1.1,3,0.33,8.5
507,34029,4,13,80.2,,,,38.8,38.4,4,9.7,5.9
508,35987,2,6,76.3,3.5,3.6,4.6,3.8,3.4,3,1.27,9.8
509,36537,3,10,43.5,15.6,14.7,5.1,14.6,13.2,4,3.65,4.5
510,23094,2,7,38.1,2.5,2.3,5.7,2.9,3.1,3,0.97,3.7
511,10864,3,9,40.7,,,,4.1,4.2,4,1.02,6.5
512,8917,1,3,73.8,0.2,0.2,8.6,0.2,0.2,3,0.07,15.0
513,33751,3,9,31.5,13.6,12.9,9.0,13.2,13.4,4,3.3,7.0
514,37118,5,18,68.5,127.1,126.3,6.8,136.5,148.3,4,34.12,2.5
515,9513,2,7,40.5,1.1,1.1,9.9,1.2,1.2,3,0.4,7.0
516,6226,2,7,88.3,0.6,0.6,5.6,0.7,0.7,3,0.23,4.4
517,49775,5,20,82.1,,,,187.8,178.0,4,46.95,3.1
518,39288,1,1,33.0,0.7,0.6,8.9,0.8,0.7,3,0.27,8.2
519,48117,4,15,65.8,58.2,56.6,6.0,63.7,65.3,4,15.93,10.7
520,47975,2,6,93.1,4.7,4.8,9.0,4.9,4.7,3,1.63,6.8
521,8820,3,10,66.0,3.6,3.3,1.8,3.4,3.2,4,0.85,4.9
522,39842,2,6,42.9,4.1,4.2,6.9,4.5,4.2,3,1.5,7.0
523,46852,1,3,75.9,1.0,0.9,5.9,1.0,1.1,3,0.33,5.2
524,39989,2,7,60.1,4.3,4.7,6.3,4.6,4.4,3,1.53,4.1
525,26197,4,16,46.4,35.9,36.3,8.0,38.0,40.2,4,9.5,3.8
526,5012,4,12,96.8,5.3,5.8,7.2,5.4,5.1,4,1.35,4.9
527,6422,3,10,92.5,2.3,2.3,7.3,2.3,2.1,4,0.57,4.6
528,29057,3,9,45.8,9.5,9.3,6.3,10.9,12.0,4,2.73,5.6
529,16331,4,15,86.1,20.5,22.2,2.3,20.6,21.1,4,5.15,4.2
530,30005,5,17,83.0,94.3,101.5,8.1,101.0,99.4,4,25.25,6.1
531,47780,2,7,93.1,5.3,4.8,6.6,5.3,5.3,3,1.77,5.6
532,37925,3,9,40.4,15.6,17.1,8.3,14.2,15.1,4,3.55,5.0
533,23991,4,15,40.1,32.3,33.9,5.1,33.3,33.7,4,8.32,5.3
534,13544,4,13,62.7,,,,16.2,15.8,4,4.05,8.0
535,17851,5,21,71.9,66.8,61.1,5.3,73.3,80.8,4,18.32,2.8
536,12374,1,4,58.8,0.3,0.3,9.7,0.3,0.3,3,0.1,8.3
537,33980,5,21,39.9,,,,152.7,164.4,4,38.17,5.8
538,12364,1,1,46.5,0.2,0.2,9.8,0.2,0.2,3,0.07,5.5
539,34495,3,11,31.5,15.1,14.2,9.0,15.3,15.4,4,3.83,5.8
540,48795,2,5,55.6,4.9,4.7,9.3,5.0,4.5,3,1.67,8.2
541,8478,3,11,74.5,,,,3.4,3.3,4,0.85,9.7
542,48449,3,10,88.8,,,,17.6,19.2,4,4.4,4.9
543,38327,4,12,91.5,41.4,38.0,4.3,41.4,38.4,4,10.35,8.6
544,7605,1,2,92.7,0.1,0.1,7.5,0.1,0.1,3,0.03,7.1
545,20479,3,10,85.2,7.9,8.5,4.3,7.4,8.0,4,1.85,9.1
546,19783,3,9,53.2,6.5,6.8,6.5,7.4,7.4,4,1.85,3.8
547,32350,2,5,69.0,3.0,3.1,3.3,3.2,3.2,3,1.07,9.5
548,40478,5,22,84.4,151.8,158.0,7.1,163.7,164.6,4,40.92,10.4
549,48006,2,7,92.4,5.2,5.7,12.0,5.3,4.8,3,1.77,4.9
550,25885,1,4,95.4,0.6,0.6,11.7,0.6,0.6,3,0.2,7.9
551,11997,2,5,42.6,1.2,1.1,5.9,1.2,1.2,3,0.4,7.2
552,28544,1,1,76.8,0.5,0.5,9.4,0.5,0.5,3,0.17,4.6
553,36054,4,13,41.1,43.0,47.0,8.3,45.2,49.8,4,11.3,7.2
554,18406,2,5,42.0,1.8,1.8,6.6,1.9,2.0,3,0.63,10.5
555,31533,4,12,71.3,36.9,36.1,2.4,35.8,39.6,4,8.95,2.7
556,39121,1,1,60.7,0.6,0.7,6.9,0.7,0.7,3,0.23,4.8
557,30388,5,21,82.0,106.6,105.3,7.0,118.8,129.8,4,29.7,5.3
558,32686,2,6,71.7,,,,3.5,3.5,3,1.17,5.0
559,35381,2,7,60.7,3.6,3.8,9.9,4.1,3.7,3,1.37,5.5
560,26198,4,15,31.7,40.8,44.0,6.1,38.0,36.4,4,9.5,4.8
561,13096,2,5,37.8,1.3,1.3,4.4,1.4,1.4,3,0.47,9.9
562,29817,2,7,55.9,3.9,4.0,6.4,3.6,3.9,3,1.2,5.8
563,8362,2,6,50.9,1.0,1.0,8.8,0.9,1.0,3,0.3,11.8
564,45800,1,3,30.8,1.1,1.2,6.2,1.1,1.0,3,0.37,6.2
565,34736,4,15,60.0,39.2,42.2,5.0,46.0,49.5,4,11.5,9.0
566,8205,2,5,40.1,0.7,0.7,5.1,0.8,0.8,3,0.27,2.9
567,8213,1,1,58.4,,,,0.2,0.2,3,0.07,5.1
568,42505,5,23,68.2,193.6,188.2,3.0,186.6,165.8,4,46.65,5.3
569,9434,4,15,87.3,,,,11.9,11.8,4,2.98,3.3
570,22984,1,3,65.8,0.5,0.5,10.5,0.5,0.5,3,0.17,10.6
571,36697,1,3,59.0,0.7,0.7,4.7,0.8,0.8,3,0.27,4.0
572,39059,4,15,63.5,,,,51.7,53.1,4,12.93,3.7
573,12746,1,1,61.6,0.2,0.2,2.6,0.2,0.2,3,0.07,7.3
574,41727,3,9,30.8,15.1,16.0,6.3,16.4,15.6,4,4.1,3.8
575,12460,1,3,53.2,0.3,0.3,7.9,0.3,0.3,3,0.1,6.9
576,36096,4,12,73.9,41.2,44.4,7.1,40.9,41.3,4,10.22,3.3
577,8671,4,16,50.4,11.7,11.8,8.5,12.6,11.7,4,3.15,3.7
578,9339,3,9,49.1,,,,3.5,3.9,4,0.88,1.9
579,15876,5,21,71.2,,,,65.2,59.2,4,16.3,5.4
580,7072,3,10,58.1,2.5,2.5,4.3,2.8,3.1,4,0.7,6.4
581,29524,1,1,82.9,0.5,0.5,9.7,0.5,0.5,3,0.17,6.4
582,39316,4,14,82.7,,,,47.2,51.4,4,11.8,5.5
583,49349,5,18,44.0,,,,190.1,185.0,4,47.52,5.8
584,7885,3,8,52.7,2.5,2.6,5.3,2.8,3.0,4,0.7,10.2
585,26029,2,5,43.1,2.5,2.5,7.5,2.7,2.5,3,0.9,8.2
586,45825,1,1,44.0,0.8,0.7,9.3,0.9,0.9,3,0.3,7.6
587,25406,1,3,66.8,,,,0.6,0.5,3,0.2,9.8
588,11942,1,4,33.7,0.3,0.3,4.8,0.3,0.3,3,0.1,5.4
589,28306,5,19,52.6,,,,113.2,120.2,4,28.3,5.4
590,42210,4,13,36.3,56.7,52.1,4.7,55.3,52.8,4,13.82,2.9
591,20184,4,13,39.8,24.2,23.5,2.8,26.5,24.5,4,6.62,7.4
592,34706,3,11,32.1,14.4,14.3,5.1,15.4,14.2,4,3.85,6.4
593,38288,2,5,57.6,3.4,3.4,4.3,3.9,3.5,3,1.3,6.1
594,32095,5,18,72.2,129.0,126.0,7.1,118.0,113.5,4,29.5,6.3
595,42172,4,14,67.0,53.9,49.3,3.0,53.1,58.6,4,13.28,2.9
596,44064,5,20,52.1,,,,182.9,180.5,4,45.73,3.7
597,31594,3,8,70.7,10.6,11.3,4.7,10.6,9.5,4,2.65,9.2
598,14104,2,7,91.4,1.4,1.3,8.5,1.6,1.6,3,0.53,9.5
599,34305,5,18,44.0,122.2,129.4,3.1,132.1,145.9,4,33.02,1
600,10851,3,8,71.6,3.8,4.1,10.0,3.6,4.0,4,0.9,8.1
601,41702,1,3,37.5,0.9,0.9,5.6,1.0,1.1,3,0.33,6.1
602,30006,4,15,67.1,38.5,36.1,2.1,39.7,42.9,4,9.93,9.3
603,23905,2,7,38.5,,,,3.0,3.1,3,1.0,10.2
604,13898,4,12,39.3,18.4,19.8,8.8,17.3,18.1,4,4.33,8.7
605,38385,4,15,67.5,47.7,44.7,4.3,50.8,52.1,4,12.7,1.2
606,37881,2,6,57.9,4.0,4.4,5.2,4.2,4.3,3,1.4,6.7
607,10247,4,13,79.7,13.1,13.8,4.6,12.3,11.6,4,3.08,2.5
608,10796,5,18,62.1,43.3,39.6,4.7,39.7,41.0,4,9.93,5.6
609,27514,1,1,61.9,0.5,0.5,6.3,0.5,0.5,3,0.17,12.3
610,15977,3,8,77.3,5.0,5.3,5.1,5.4,5.1,4,1.35,3.7
611,8382,5,22,97.3,34.1,32.6,3.1,33.9,30.5,4,8.47,1
612,21518,3,9,71.9,7.0,7.3,5.9,7.7,7.9,4,1.93,9.5
613,29233,4,13,47.8,35.6,37.7,3.7,36.7,39.9,4,9.18,4.9
614,44029,2,5,87.0,3.9,3.8,7.7,4.1,4.3,3,1.37,6.8
615,27614,5,17,73.7,85.8,80.1,3.8,97.6,95.2,4,24.4,3.7
616,20313,5,20,76.5,73.7,74.1,8.1,80.5,79.2,4,20.12,3.9
617,49465,4,14,95.4,51.1,55.4,9.0,59.4,61.4,4,14.85,8.1
618,26952,3,10,48.2,,,,10.8,11.2,4,2.7,5.3
619,35219,4,13,79.9,37.9,36.7,5.0,42.2,42.7,4,10.55,4.0
620,9453,1,1,58.0,0.2,0.2,7.8,0.2,0.2,3,0.07,6.1
621,11025,5,17,93.8,39.3,42.8,3.0,37.1,33.7,4,9.28,2.0
622,13513,5,20,74.6,53.0,58.0,7.4,53.5,50.3,4,13.38,2.7
623,48285,4,12,73.4,50.4,49.7,8.3,54.8,52.5,4,13.7,3.1
624,9849,2,6,82.8,0.9,0.8,8.5,1.0,1.0,3,0.33,6.5
625,18151,4,16,56.7,23.2,23.4,3.0,26.4,23.9,4,6.6,6.9
626,21973,4,12,32.4,,,,27.3,28.8,4,6.83,5.6
627,14755,4,12,93.4,14.6,15.2,5.1,15.9,17.4,4,3.98,2.8
628,36335,4,15,57.5,53.1,48.5,4.4,50.4,47.1,4,12.6,2.6
629,12943,4,16,66.4,16.7,16.0,7.5,17.9,16.0,4,4.47,9.1
630,40037,3,10,35.5,17.4,17.9,5.9,16.7,15.4,4,4.17,8.4
631,24586,2,7,56.5,,,,3.0,3.1,3,1.0,7.6
632,10561,4,15,80.0,,,,13.3,12.3,4,3.33,4.9
633,30478,4,12,83.9,32.1,35.1,2.9,32.9,35.4,4,8.22,5.9
634,8673,3,10,83.6,,,,3.1,2.8,4,0.78,5.9
635,35039,5,22,89.2,146.7,138.9,7.9,141.7,141.3,4,35.42,6.8
636,35881,1,1,46.5,0.6,0.6,11.1,0.7,0.6,3,0.23,5.4
637,16186,5,23,70.2,62.2,62.2,5.4,71.0,76.2,4,17.75,3.3
638,27108,4,15,52.0,37.4,34.7,7.3,37.6,40.0,4,9.4,1.7
639,16367,5,19,34.3,71.2,66.5,4.2,68.5,64.3,4,17.12,6.1
640,7667,5,18,36.8,31.0,32.7,7.3,30.9,27.2,4,7.72,5.3
641,10841,2,7,74.3,1.2,1.3,7.4,1.3,1.2,3,0.43,3.2
642,39281,3,11,58.0,16.6,15.1,7.0,16.6,18.4,4,4.15,8.7
643,27796,3,11,30.3,10.8,10.9,7.6,12.3,13.1,4,3.08,7.3
644,38262,5,18,61.6,126.9,115.6,5.9,140.7,152.3,4,35.17,5.9
645,37605,4,13,40.9,40.8,39.7,5.9,47.2,48.5,4,11.8,7.3
646,7838,4,12,80.3,7.6,8.0,4.5,8.5,9.3,4,2.12,5.6
647,43843,4,16,52.2,,,,63.7,66.4,4,15.93,3.5
648,19927,3,8,46.1,6.3,6.8,9.1,7.0,6.3,4,1.75,5.3
649,14498,4,13,93.1,15.6,14.5,5.2,16.5,17.4,4,4.12,1
650,27012,2,5,32.2,2.7,2.5,3.0,2.9,2.9,3,0.97,3.3
651,24343,2,7,40.7,3.2,3.5,8.7,2.9,3.0,3,0.97,5.3
652,39194,4,15,88.6,47.8,47.4,5.0,49.4,43.6,4,12.35,1
653,26449,2,6,69.4,2.8,2.6,8.8,2.8,2.8,3,0.93,14.0
654,35844,1,1,58.9,0.7,0.7,8.2,0.7,0.6,3,0.23,7.0
655,31648,1,2,39.0,0.7,0.6,8.0,0.7,0.7,3,0.23,6.7
656,43250,5,17,96.4,128.8,134.0,7.9,145.6,134.6,4,36.4,7.4
657,46111,1,1,56.2,0.9,0.9,6.0,0.9,1.0,3,0.3,6.9
658,18575,5,23,76.6,76.1,82.7,2.4,81.5,81.8,4,20.38,7.0
659,12272,1,4,54.9,0.3,0.3,7.0,0.3,0.3,3,0.1,11.6
660,14070,2,6,46.2,,,,1.6,1.6,3,0.53,8.6
661,18749,5,23,80.7,73.6,70.2,4.3,78.4,70.2,4,19.6,3.2
662,34649,3,11,64.1,13.5,13.6,8.0,14.0,13.8,4,3.5,1.2
663,49125,3,8,42.8,15.1,14.8,8.2,17.3,15.5,4,4.33,11.7
664,23084,2,5,77.4,2.5,2.5,5.8,2.3,2.6,3,0.77,5.5
665,13652,5,20,53.6,57.3,54.9,8.7,56.7,53.1,4,14.18,7.0
666,47249,5,19,58.0,191.2,184.6,2.4,189.0,204.5,4,47.25,2.9
667,35015,4,14,68.6,40.9,43.3,5.8,44.1,41.9,4,11.03,7.9
668,14721,1,3,49.3,0.3,0.3,6.8,0.3,0.3,3,0.1,7.7
669,15567,2,5,38.0,1.7,1.7,6.1,1.7,1.8,3,0.57,8.2
670,27534,3,9,55.4,9.2,8.8,7.8,10.3,10.3,4,2.58,4.8
671,35018,2,6,40.6,3.8,3.8,6.0,3.9,4.3,3,1.3,5.3
672,48705,5,18,84.4,184.2,178.3,6.7,170.5,151.7,4,42.62,6.9
673,12659,5,19,31.7,47.9,46.5,3.7,52.9,49.0,4,13.22,8.0
674,19558,5,23,93.6,70.0,70.5,2.2,81.8,73.7,4,20.45,6.3
675,30848,5,18,63.4,110.9,101.1,4.0,113.4,119.3,4,28.35,2.8
676,29224,4,15,55.4,38.0,41.6,6.1,40.5,42.7,4,10.12,4.7
677,32237,4,15,49.6,48.8,48.1,6.4,44.7,45.6,4,11.18,4.7
678,14413,1,2,50.6,0.3,0.3,10.4,0.3,0.3,3,0.1,6.6
679,31834,1,3,58.2,0.7,0.7,8.8,0.7,0.7,3,0.23,9.2
680,37151,5,17,86.0,124.5,124.4,4.9,125.0,133.7,4,31.25,3.2
681,22214,2,6,95.0,2.2,2.3,8.6,2.3,2.3,3,0.77,5.4
682,6864,2,5,82.0,0.7,0.7,5.5,0.6,0.6,3,0.2,9.2
683,46156,3,11,96.2,16.8,17.6,7.5,17.8,18.1,4,4.45,6.2
684,25950,2,6,89.7,,,,2.6,2.4,3,0.87,6.6
685,8192,3,10,49.8,2.9,2.7,8.1,3.3,3.4,4,0.82,6.3
686,40632,2,6,89.3,4.2,4.0,4.3,4.1,4.3,3,1.37,6.6
687,28044,5,23,39.8,,,,134.8,127.7,4,33.7,4.0
688,32000,4,14,92.6,,,,38.4,35.8,4,9.6,1
689,45201,5,22,86.5,179.7,181.5,4.9,182.8,194.0,4,45.7,7.1
690,12639,1,2,92.8,0.2,0.2,9.5,0.2,0.2,3,0.07,10.6
691,16285,3,10,32.0,6.2,6.6,4.3,6.8,6.2,4,1.7,6.2
692,10151,2,6,77.0,1.0,1.1,8.0,1.1,1.2,3,0.37,8.2
693,43874,5,17,61.9,133.5,128.2,5.3,155.1,136.9,4,38.77,6.1
694,18461,5,21,91.3,,,,72.2,69.6,4,18.05,5.7
695,14539,1,3,94.5,0.3,0.3,7.8,0.3,0.3,3,0.1,6.2
696,42888,1,1,66.0,0.9,0.8,8.0,0.8,0.8,3,0.27,7.8
697,38042,2,7,62.3,3.9,4.0,10.0,4.4,4.9,3,1.47,10.0
698,19042,4,16,45.5,,,,27.6,30.8,4,6.9,6.4
699,37493,2,6,77.9,3.4,3.3,7.7,4.0,3.6,3,1.33,6.3
700,34095,3,9,67.7,13.0,12.2,8.6,12.2,10.9,4,3.05,7.5
701,16750,3,8,97.9,4.6,4.5,4.1,5.3,5.5,4,1.32,7.2
702,43702,4,12,80.4,42.1,41.0,6.1,47.2,43.8,4,11.8,7.0
703,13045,4,13,87.0,13.7,14.3,9.2,14.9,15.2,4,3.73,4.9
704,28337,4,15,75.3,41.1,41.2,9.0,37.5,34.3,4,9.38,4.3
705,37589,4,13,72.7,,,,45.0,40.7,4,11.25,5.9
706,9471,1,4,76.1,0.2,0.2,9.6,0.2,0.2,3,0.07,10.9
707,48324,1,4,83.9,1.1,1.1,7.9,1.1,1.2,3,0.37,10.3
708,6158,5,23,32.1,31.9,31.2,4.2,29.6,29.3,4,7.4,7.2
709,16591,1,3,90.2,,,,0.3,0.3,3,0.1,7.1
710,42280,1,4,74.9,1.0,1.0,9.8,1.0,1.1,3,0.33,5.5
711,43734,4,15,72.0,63.4,61.1,5.4,57.9,51.3,4,14.47,10.1
712,43270,3,8,82.0,13.0,12.8,7.1,13.8,15.4,4,3.45,5.3
713,21227,2,5,74.1,2.3,2.1,7.4,2.1,2.0,3,0.7,6.7
714,7449,3,11,74.7,2.9,2.9,6.3,3.0,2.7,4,0.75,5.5
715,29755,3,11,51.9,,,,12.6,12.6,4,3.15,6.1
716,27017,2,6,64.2,2.7,2.8,5.6,2.9,2.9,3,0.97,9.0
717,40116,1,2,49.5,,,,0.9,1.0,3,0.3,6.5
718,42892,1,1,70.2,0.8,0.8,8.8,0.8,0.8,3,0.27,7.4
719,38072,3,10,59.4,13.7,13.4,6.7,15.2,15.7,4,3.8,1.9
720,6219,2,7,77.8,0.7,0.7,8.0,0.7,0.8,3,0.23,6.9
721,45266,5,23,82.3,187.6,192.4,2.8,189.2,190.2,4,47.3,4.1
722,49912,2,6,87.4,5.4,5.8,7.9,5.1,5.3,3,1.7,8.1
723,47339,3,9,47.4,16.9,15.6,4.7,17.8,16.5,4,4.45,6.1
724,36810,4,16,97.4,52.3,49.2,9.2,48.6,45.9,4,12.15,9.8
725,48166,3,9,73.8,,,,17.3,18.2,4,4.33,6.8
726,8625,1,1,51.3,0.2,0.2,10.4,0.2,0.2,3,0.07,5.7
727,14211,4,13,37.6,20.1,20.2,7.8,18.6,20.5,4,4.65,1
728,37535,3,8,46.2,,,,13.2,14.2,4,3.3,4.4
729,20462,4,15,44.8,,,,28.4,26.5,4,7.1,8.4
730,33801,3,11,47.3,13.9,13.6,7.7,14.3,14.0,4,3.58,5.3
731,23201,2,5,54.7,2.5,2.3,9.7,2.4,2.6,3,0.8,6.3
732,49013,1,2,47.2,1.1,1.1,10.5,1.1,1.1,3,0.37,5.8
733,33993,2,6,30.5,4.3,4.7,5.5,4.0,4.2,3,1.33,12.6
734,18787,3,9,92.3,6.8,7.2,5.6,6.4,7.0,4,1.6,6.4
735,35873,4,15,93.0,43.2,46.8,6.5,45.2,42.6,4,11.3,6.4
736,28059,1,4,70.9,0.6,0.6,8.6,0.6,0.6,3,0.2,8.1
737,47015,4,13,30.2,57.1,58.0,6.7,61.6,64.8,4,15.4,6.7
738,43929,2,7,57.9,5.1,5.5,7.8,5.3,5.4,3,1.77,8.1
739,23467,3,9,35.7,8.7,8.5,7.3,9.2,8.1,4,2.3,3.2
740,41603,1,2,91.7,0.7,0.7,9.0,0.8,0.8,3,0.27,10.2
741,14781,3,8,95.1,,,,4.7,4.8,4,1.18,9.0
742,49145,4,15,38.1,63.9,68.5,5.7,71.2,76.0,4,17.8,4.8
743,33266,2,5,70.8,3.0,3.1,9.3,3.3,3.2,3,1.1,5.8
744,22157,3,9,72.0,7.4,7.7,6.6,7.9,7.8,4,1.98,7.3
745,31054,3,9,78.5,11.5,10.9,6.1,11.1,10.0,4,2.77,8.1
746,35863,2,6,97.8,3.9,4.0,7.6,3.6,3.8,3,1.2,8.8
747,29965,5,19,96.5,96.3,103.9,5.4,109.0,97.0,4,27.25,5.7
748,27228,4,15,39.0,38.8,36.0,6.6,39.5,35.9,4,9.88,6.8
749,28631,3,11,49.2,12.1,12.7,6.3,12.1,11.4,4,3.02,4.0
750,37196,3,9,67.8,13.4,13.2,9.9,13.3,12.3,4,3.33,7.5
751,22054,4,13,78.0,29.0,31.5,5.9,26.4,23.5,4,6.6,3.1
752,34999,4,15,37.6,45.0,43.6,8.0,50.7,47.1,4,12.68,4.5
753,22877,5,21,90.6,89.0,97.4,8.7,89.4,90.0,4,22.35,2.7
754,21132,1,4,76.0,0.4,0.4,7.1,0.5,0.5,3,0.17,5.4
755,26203,1,2,32.0,0.6,0.6,9.6,0.6,0.6,3,0.2,7.6
756,7873,3,11,52.1,3.4,3.7,8.9,3.3,3.4,4,0.82,6.2
757,26179,3,8,80.6,8.4,7.7,6.6,8.4,7.9,4,2.1,6.3
758,10845,4,12,88.0,,,,11.7,12.5,4,2.92,9.8
759,47412,3,9,38.2,17.8,18.9,4.9,18.6,17.0,4,4.65,9.5
760,29081,1,2,63.3,0.6,0.6,5.0,0.6,0.6,3,0.2,10.0
761,17213,5,20,72.9,,,,68.2,68.4,4,17.05,8.7
762,37461,2,7,72.8,4.0,3.9,6.5,4.3,4.7,3,1.43,5.6
763,49847,2,6,87.2,4.7,4.3,7.2,5.1,4.6,3,1.7,8.1
764,32067,4,12,61.6,38.3,37.2,5.8,36.4,37.1,4,9.1,5.6
765,16767,4,13,87.3,,,,19.1,18.7,4,4.78,5.1
766,25574,3,11,81.5,10.3,10.0,9.2,9.8,9.1,4,2.45,3.8
767,44587,1,3,89.3,,,,0.9,0.9,3,0.3,9.2
768,47978,2,6,61.3,5.2,5.5,7.0,5.1,5.4,3,1.7,5.5
769,28640,5,22,75.8,115.4,110.8,8.5,121.6,110.7,4,30.4,6.2
770,17335,1,1,44.2,0.3,0.3,8.1,0.3,0.3,3,0.1,8.4
771,35371,3,9,62.2,,,,12.7,11.7,4,3.17,4.4
772,34180,2,6,62.1,3.6,3.4,3.6,3.6,3.2,3,1.2,5.0
773,11728,1,4,96.6,0.3,0.3,6.4,0.3,0.3,3,0.1,7.3
774,38643,4,16,79.3,57.7,61.9,5.6,53.6,47.4,4,13.4,6.4
775,25699,5,21,34.3,110.2,109.6,0.3,115.5,111.3,4,28.88,5.2
776,6363,4,13,49.6,,,,8.0,7.7,4,2.0,5.7
777,44459,3,11,38.9,20.2,22.1,7.4,19.7,21.3,4,4.92,4.1
778,15618,4,16,44.1,19.8,19.7,2.6,22.7,20.9,4,5.67,7.1
779,37356,4,14,46.0,54.2,52.7,7.4,49.3,46.5,4,12.32,4.8
780,7095,5,23,34.3,34.2,31.6,3.9,34.1,31.8,4,8.53,4.9
781,8058,3,10,90.9,3.1,3.2,7.8,2.9,2.6,4,0.72,11.7
782,12269,4,12,83.2,14.2,13.1,7.0,13.3,13.5,4,3.33,4.0
783,18460,1,3,40.7,0.4,0.4,7.9,0.4,0.4,3,0.13,10.9
784,14029,3,8,87.7,4.3,4.5,7.7,4.5,4.2,4,1.12,6.8
785,16223,5,17,48.1,57.3,58.8,3.3,60.1,56.4,4,15.03,5.1
786,14043,2,6,58.1,1.5,1.6,4.5,1.6,1.7,3,0.53,6.6
787,5651,2,7,84.8,0.5,0.5,7.4,0.6,0.7,3,0.2,7.5
788,48265,1,2,91.4,,,,0.9,0.9,3,0.3,8.8
789,24380,5,20,57.3,100.0,96.1,4.8,101.2,89.2,4,25.3,1
790,39589,3,9,77.6,12.8,12.9,6.7,14.2,14.9,4,3.55,2.5
791,17929,4,14,35.7,23.4,24.4,7.3,24.7,24.9,4,6.17,3.4
792,11083,2,7,67.5,1.4,1.3,10.5,1.3,1.3,3,0.43,7.8
793,24919,2,7,58.7,3.1,3.3,6.9,3.0,2.7,3,1.0,10.0
794,34408,1,3,68.9,,,,0.7,0.7,3,0.23,8.4
795,42066,5,22,90.8,167.3,170.5,8.3,170.1,164.0,4,42.52,4.1
796,49068,5,18,78.6,164.5,158.8,8.4,180.4,184.0,4,45.1,6.0
797,14604,1,4,86.3,,,,0.3,0.3,3,0.1,5.9
798,36211,2,5,60.3,3.4,3.5,5.0,3.5,3.3,3,1.17,6.7
799,46711,4,15,97.8,64.0,67.0,4.5,58.9,59.0,4,14.72,6.2
800,34996,4,13,95.8,39.2,40.7,5.0,39.9,36.6,4,9.97,5.7
801,29204,5,17,70.9,90.8,92.1,6.1,103.2,100.0,4,25.8,5.4
802,24874,3,10,63.0,8.4,8.6,10.0,9.5,10.4,4,2.38,7.6
803,16998,2,7,63.2,,,,2.0,1.9,3,0.67,8.8
804,25296,5,21,60.8,98.0,104.6,3.5,103.8,112.1,4,25.95,5.9
805,34486,4,15,40.1,41.7,42.7,6.3,47.8,49.2,4,11.95,1.4
806,40454,3,8,95.1,13.3,13.7,8.8,12.9,14.0,4,3.23,5.1
807,41768,3,8,73.8,,,,14.0,15.5,4,3.5,2.9
808,42804,5,23,33.6,184.7,183.8,5.8,205.8,227.3,4,51.45,4.2
809,6243,2,6,83.5,0.6,0.6,3.6,0.6,0.6,3,0.2,8.6
810,43593,4,12,63.4,46.2,43.2,7.9,49.4,48.0,4,12.35,6.0
811,12513,1,1,66.8,0.2,0.2,10.8,0.2,0.2,3,0.07,13.1
812,45270,1,3,42.3,0.9,0.8,10.6,1.0,0.9,3,0.33,12.1
813,8399,1,2,46.3,0.2,0.2,3.1,0.2,0.2,3,0.07,7.8
814,35462,3,11,34.5,,,,15.7,16.2,4,3.92,6.4
815,43415,5,22,36.9,204.5,189.2,4.8,201.9,205.2,4,50.48,1
816,18333,5,23,95.8,84.0,88.7,6.3,76.6,77.3,4,19.15,1
817,7738,4,12,85.3,8.4,8.7,7.5,8.4,7.7,4,2.1,10.7
818,44181,3,10,87.1,15.0,15.4,7.7,16.0,16.3,4,4.0,5.2
819,41902,5,17,50.4,136.6,126.8,5.0,155.1,157.2,4,38.77,4.5
820,38083,5,23,51.6,163.8,156.0,7.1,175.1,185.7,4,43.77,3.2
821,27389,3,9,61.3,8.4,8.7,6.4,9.8,10.1,4,2.45,8.8
822,49086,1,2,58.1,1.1,1.2,8.0,1.1,1.1,3,0.37,8.8
823,40300,1,1,90.7,0.7,0.6,5.2,0.7,0.8,3,0.23,5.6
824,16612,4,12,38.5,18.5,16.7,7.4,20.6,21.8,4,5.15,5.7
825,17550,3,8,85.5,5.9,5.6,3.0,5.6,6.2,4,1.4,6.7
826,44716,4,13,30.5,59.2,54.6,5.4,58.6,55.5,4,14.65,4.0
827,48243,2,7,68.5,5.6,5.1,7.0,5.6,5.1,3,1.87,8.8
828,19939,5,21,79.6,86.9,78.6,5.6,81.8,91.0,4,20.45,3.5
829,34748,5,17,93.8,127.0,115.6,2.5,117.0,129.3,4,29.25,1
830,12976,3,11,63.7,4.5,4.7,8.7,5.2,4.6,4,1.3,8.7
831,5338,3,11,43.2,,,,2.3,2.3,4,0.57,4.5
832,19786,1,4,95.1,0.4,0.4,10.6,0.4,0.4,3,0.13,9.3
833,6574,4,16,84.2,9.2,8.7,0.5,8.7,9.4,4,2.17,6.5
834,39057,3,9,94.2,13.4,14.1,4.1,13.3,12.0,4,3.33,3.7
835,7185,1,4,51.3,0.2,0.2,9.9,0.2,0.2,3,0.07,6.7
836,9311,4,12,76.1,9.8,9.6,8.3,10.6,9.9,4,2.65,7.9
837,48235,5,21,30.7,227.4,244.7,3.7,216.8,239.6,4,54.2,3.4
838,34758,1,3,70.0,,,,0.8,0.7,3,0.27,7.2
839,42566,2,5,73.3,4.0,4.2,4.4,4.2,4.1,3,1.4,7.2
840,13367,1,3,69.7,0.3,0.3,11.6,0.3,0.3,3,0.1,6.6
841,25229,4,16,53.3,31.2,31.7,5.2,36.6,38.2,4,9.15,8.3
842,8578,5,20,53.4,36.0,33.8,5.8,35.6,31.9,4,8.9,6.1
843,44306,4,14,87.9,49.7,47.7,7.6,53.2,51.0,4,13.3,9.5
844,37501,1,2,92.6,0.7,0.7,10.5,0.7,0.7,3,0.23,3.8
845,29635,3,9,57.2,9.5,8.6,6.4,11.1,10.7,4,2.77,4.7
846,17740,4,16,92.1,25.6,24.1,5.1,23.4,22.2,4,5.85,5.9
847,27270,2,7,46.7,,,,3.3,3.0,3,1.1,8.9
848,11631,3,8,86.5,,,,3.7,3.8,4,0.93,7.7
849,24993,2,6,46.3,2.8,3.0,5.8,2.8,3.1,3,0.93,12.2
850,12765,1,2,90.0,,,,0.2,0.2,3,0.07,7.9
851,29785,5,22,55.4,145.0,137.6,7.7,132.5,122.6,4,33.12,6.0
852,24279,5,23,40.1,112.4,107.5,6.7,111.6,113.9,4,27.9,7.1
853,18712,4,12,83.4,20.3,18.9,2.3,20.2,21.4,4,5.05,8.8
854,37675,3,11,42.2,15.7,15.6,8.2,16.0,16.3,4,4.0,5.2
855,47581,5,17,44.1,169.7,160.7,5.4,176.2,171.0,4,44.05,7.6
856,29517,2,6,67.4,,,,3.2,2.9,3,1.07,4.8
857,7696,5,20,64.8,29.4,29.0,5.6,30.5,29.5,4,7.62,3.0
858,16768,1,4,45.9,0.4,0.4,8.0,0.4,0.4,3,0.13,4.4
859,19925,3,8,38.1,7.2,7.0,5.8,7.3,7.6,4,1.82,6.0
860,17493,3,9,97.9,6.2,6.7,9.3,6.0,5.3,4,1.5,4.6
861,31591,4,16,81.5,,,,41.7,43.2,4,10.43,9.9
862,31050,2,5,45.4,3.1,3.1,7.8,3.2,3.4,3,1.07,2.9
863,27325,4,12,51.3,,,,32.5,34.6,4,8.12,4.9
864,41598,4,12,55.5,43.6,47.5,4.2,49.4,43.6,4,12.35,7.3
865,19777,3,11,58.9,8.7,9.0,2.5,8.4,8.0,4,2.1,3.2
866,14118,1,2,96.5,0.3,0.3,6.7,0.3,0.3,3,0.1,5.8
867,18382,4,15,34.3,25.8,24.9,4.6,26.6,29.5,4,6.65,4.1
868,11836,2,7,67.6,,,,1.4,1.5,3,0.47,5.4
869,6758,4,13,43.5,8.0,7.5,4.9,8.5,8.4,4,2.12,8.4
870,38982,3,8,41.7,13.1,12.2,7.9,13.7,13.6,4,3.42,8.0
871,30493,1,2,38.8,0.7,0.7,5.3,0.7,0.8,3,0.23,8.5
872,18302,5,21,78.7,67.6,74.2,1.5,75.1,77.0,4,18.77,6.6
873,39462,2,6,91.9,3.9,4.0,6.9,4.0,4.4,3,1.33,4.9
874,27726,4,14,56.6,38.9,38.2,6.7,36.6,36.0,4,9.15,8.6
875,48193,4,13,77.5,,,,57.7,60.5,4,14.43,10.5
876,22942,2,7,66.6,2.3,2.4,8.1,2.6,2.9,3,0.87,9.2
877,12944,5,19,35.2,,,,54.1,57.6,4,13.53,3.6
878,31876,3,11,41.2,11.6,10.5,4.1,13.5,13.4,4,3.38,3.1
879,31171,3,9,57.0,,,,11.7,10.6,4,2.92,7.9
880,36769,4,15,34.6,48.5,52.9,4.6,53.3,48.7,4,13.32,7.6
881,6183,2,7,36.8,0.8,0.8,3.5,0.8,0.7,3,0.27,7.3
882,33878,2,6,42.1,4.1,4.1,4.0,3.8,3.7,3,1.27,10.4
883,47009,5,22,78.7,189.2,181.9,5.8,199.6,178.2,4,49.9,9.3
884,21364,2,6,91.8,,,,2.2,1.9,3,0.73,7.1
885,5954,1,3,85.8,0.1,0.1,11.1,0.1,0.1,3,0.03,10.7
886,7884,2,6,64.9,0.7,0.7,3.7,0.8,0.8,3,0.27,2.9
887,12917,4,13,44.5,14.5,14.2,4.7,16.2,16.0,4,4.05,7.8
888,48120,1,3,74.2,0.9,0.8,7.1,1.0,1.1,3,0.33,11.2
889,40139,1,2,47.1,,,,0.9,0.9,3,0.3,6.3
890,26761,2,5,73.2,2.4,2.6,5.5,2.6,2.6,3,0.87,5.3
891,34419,5,20,64.7,133.1,138.5,7.4,136.4,120.5,4,34.1,9.2
892,25240,1,2,80.2,0.5,0.5,8.4,0.5,0.5,3,0.17,7.6
893,47076,2,5,46.2,5.3,5.2,8.1,4.8,5.2,3,1.6,8.5
894,39135,1,4,74.1,0.8,0.9,9.3,0.9,0.9,3,0.3,8.2
895,19578,2,7,89.3,2.0,2.1,9.5,2.2,2.0,3,0.73,1
896,46573,1,2,93.8,,,,0.9,0.8,3,0.3,8.3
897,18393,5,18,64.5,65.4,61.0,5.7,67.6,69.3,4,16.9,7.5
898,23700,3,11,95.8,9.7,9.7,7.8,9.1,8.8,4,2.27,5.3
899,33926,4,15,64.4,46.7,49.7,5.6,44.9,43.6,4,11.22,5.0
900,24675,1,2,67.6,,,,0.5,0.5,3,0.17,7.3
901,44716,5,20,34.9,,,,194.0,192.6,4,48.5,6.9
902,17427,2,5,30.9,2.0,2.0,11.2,1.9,2.1,3,0.63,4.3
903,30168,3,11,50.9,11.1,12.0,7.0,12.8,14.1,4,3.2,5.9
904,17728,2,6,95.1,1.9,1.8,6.3,1.8,1.7,3,0.6,3.6
905,47657,1,4,93.0,0.9,0.8,9.1,1.0,1.0,3,0.33,4.7
906,22126,2,7,61.0,2.4,2.4,10.7,2.6,2.3,3,0.87,5.6
907,47231,1,4,57.0,1.2,1.2,8.8,1.1,1.2,3,0.37,10.4
908,24806,3,11,69.9,10.4,11.3,6.7,10.0,10.2,4,2.5,5.1
909,14352,3,10,80.9,4.9,4.7,9.7,5.2,4.6,4,1.3,5.6
910,32383,1,4,74.5,0.6,0.6,7.6,0.7,0.6,3,0.23,6.4
911,34534,1,2,42.6,,,,0.7,0.6,3,0.23,8.1
912,33883,4,16,37.4,44.7,41.0,4.0,51.4,46.8,4,12.85,6.1
913,36319,2,6,75.8,,,,3.9,3.5,3,1.3,7.2
914,48602,1,1,36.6,0.9,0.9,11.4,1.0,1.1,3,0.33,7.7
915,27087,4,16,59.2,42.2,46.4,7.4,39.3,40.9,4,9.82,1
916,45029,4,12,96.3,51.1,46.0,6.9,48.6,52.5,4,12.15,3.7
917,6682,2,7,38.4,0.9,0.9,7.0,0.8,0.8,3,0.27,9.7
918,38745,4,15,74.9,,,,51.3,53.0,4,12.82,7.6
919,7998,3,10,76.1,2.9,3.0,5.4,3.0,3.2,4,0.75,2.6
920,48144,4,12,79.9,49.1,45.6,9.4,54.6,54.9,4,13.65,1.1
921,7080,5,18,63.9,,,,26.0,28.1,4,6.5,2.8
922,35592,5,18,91.0,120.9,121.9,5.1,124.6,137.9,4,31.15,6.5
923,11912,1,4,97.5,,,,0.3,0.3,3,0.1,6.9
924,19442,3,10,75.3,7.5,7.7,7.7,7.4,8.2,4,1.85,4.1
925,19667,3,8,73.8,6.8,7.1,4.3,6.6,6.4,4,1.65,4.0
926,20293,4,13,47.6,22.3,21.6,3.5,25.4,26.0,4,6.35,7.8
927,29100,5,18,88.0,101.3,91.2,9.4,101.9,91.2,4,25.48,1
928,25948,4,14,84.2,27.4,28.3,4.6,31.1,31.8,4,7.78,5.8
929,25704,4,13,85.5,26.5,27.5,5.7,29.3,26.8,4,7.33,4.6
930,44248,1,3,51.0,0.9,1.0,11.2,1.0,1.0,3,0.33,3.3
931,24103,4,15,34.0,31.0,32.3,6.0,34.9,37.8,4,8.72,7.1
932,16732,1,4,79.5,0.4,0.4,7.4,0.4,0.4,3,0.13,10.5
933,49426,4,15,97.3,59.0,59.3,5.8,62.3,59.1,4,15.57,5.0
934,30806,5,17,38.9,118.6,125.8,3.8,119.2,129.2,4,29.8,4.3
935,42824,2,5,60.0,4.5,4.2,4.9,4.2,4.5,3,1.4,8.2
936,42727,3,8,76.1,12.7,13.8,8.7,14.3,14.0,4,3.58,9.1
937,28303,1,4,42.2,,,,0.7,0.8,3,0.23,3.2
938,43888,3,11,95.9,16.1,14.6,6.1,16.9,17.7,4,4.22,8.9
939,47781,2,7,55.5,6.1,6.3,7.7,5.8,6.0,3,1.93,2.1
940,46440,3,11,55.0,,,,19.7,17.7,4,4.92,2.3
941,19741,5,17,69.9,67.7,70.3,5.2,69.8,63.0,4,17.45,2.9
942,24553,4,16,38.5,38.4,41.2,4.4,37.3,37.6,4,9.32,2.3
943,41441,4,16,83.3,47.4,50.6,7.2,54.7,55.2,4,13.68,7.0
944,48160,2,5,42.3,4.4,4.4,4.4,4.9,5.3,3,1.63,7.9
945,47771,2,5,36.0,5.3,4.9,7.7,5.1,4.6,3,1.7,5.0
946,32725,2,7,30.0,4.5,4.5,12.0,4.1,4.4,3,1.37,5.5
947,37141,5,22,51.3,181.6,185.5,3.2,165.2,165.6,4,41.3,3.6
948,20538,1,1,42.8,0.4,0.4,5.3,0.4,0.4,3,0.13,8.5
949,45783,2,6,35.1,5.1,5.5,8.8,5.4,5.3,3,1.8,8.7
950,14387,4,16,43.9,19.2,19.7,6.3,20.9,21.6,4,5.22,4.8
951,44645,5,18,58.5,,,,172.0,192.3,4,43.0,1.9
952,29834,4,12,95.6,29.5,29.7,4.7,32.2,30.9,4,8.05,3.2
953,28777,1,3,82.9,,,,0.6,0.6,3,0.2,7.8
954,29814,2,5,83.2,,,,2.8,2.8,3,0.93,8.1
955,43589,3,11,36.5,19.2,18.4,5.9,19.3,17.2,4,4.83,7.1
956,30530,3,9,53.5,12.6,12.7,2.8,11.5,11.4,4,2.88,3.3
957,21977,2,5,76.7,2.2,2.0,5.6,2.2,2.4,3,0.73,6.2
958,21325,3,11,78.1,,,,8.6,9.6,4,2.15,6.9
959,33034,3,9,50.8,13.5,13.2,3.7,12.4,11.8,4,3.1,6.9
960,11136,2,5,69.1,,,,1.1,1.0,3,0.37,7.5
961,5700,4,15,76.0,6.6,6.6,4.3,7.5,7.6,4,1.88,2.1
962,31572,1,1,71.9,0.6,0.6,7.0,0.6,0.6,3,0.2,4.0
963,49831,5,21,32.9,199.8,217.0,5.4,224.0,206.5,4,56.0,1
964,13737,3,10,94.8,4.7,4.6,9.4,5.0,4.7,4,1.25,9.6
965,12724,5,19,50.3,46.0,48.2,3.7,50.9,48.5,4,12.72,4.3
966,7321,5,20,90.7,23.9,21.5,3.4,27.6,25.0,4,6.9,5.5
967,17200,3,11,54.1,,,,7.3,7.3,4,1.82,8.6
968,31916,2,5,92.1,,,,3.0,3.2,3,1.0,8.5
969,19817,3,11,56.9,8.0,7.5,6.4,8.4,8.3,4,2.1,4.9
970,15605,4,13,54.1,18.4,19.8,5.9,19.6,17.4,4,4.9,7.0
971,32594,4,14,91.3,,,,39.1,36.3,4,9.78,1.8
972,12785,3,11,63.3,5.3,4.9,6.4,5.2,5.5,4,1.3,6.5
973,13612,4,12,95.1,13.0,12.6,3.5,14.7,13.0,4,3.67,5.2
974,33158,3,8,59.5,11.3,11.9,5.4,11.6,10.9,4,2.9,7.7
975,23424,2,5,88.8,2.0,2.1,9.0,2.2,2.0,3,0.73,5.8
976,45049,5,18,42.8,174.8,162.5,1.5,173.5,157.7,4,43.38,3.4
977,14581,2,6,31.2,,,,1.7,1.8,3,0.57,8.2
978,31692,4,16,50.8,41.8,40.4,3.1,46.0,47.6,4,11.5,5.9
979,12212,3,10,54.7,5.0,4.7,7.0,4.9,4.3,4,1.23,5.0
980,18892,3,10,62.1,6.3,5.9,7.8,7.2,6.9,4,1.8,5.2
981,48840,1,1,76.4,0.8,0.8,9.2,0.9,0.9,3,0.3,4.2
982,29352,5,18,74.2,102.1,110.0,7.2,107.9,98.1,4,26.98,8.0
983,47883,5,23,42.9,238.1,217.9,3.2,220.2,232.1,4,55.05,4.3
984,39967,2,7,40.4,,,,4.8,4.7,3,1.6,5.7
985,27763,5,19,60.5,114.2,104.3,0.9,106.0,103.9,4,26.5,7.7
986,15940,1,3,77.4,,,,0.3,0.3,3,0.1,6.8
987,8984,5,23,96.1,,,,37.6,40.4,4,9.4,1.9
988,9914,5,18,59.8,37.8,37.0,5.1,38.2,39.2,4,9.55,5.1
989,19274,5,21,77.4,82.9,82.2,5.2,79.1,83.0,4,19.77,2.9
990,24422,2,7,48.3,,,,3.0,2.8,3,1.0,6.7
991,20611,5,19,32.7,,,,86.2,94.1,4,21.55,6.8
992,47101,1,2,97.3,0.8,0.8,7.3,0.9,0.9,3,0.3,10.2
993,22304,5,22,39.1,95.8,105.1,4.7,103.7,106.8,4,25.93,7.3
994,16582,3,10,96.1,6.6,7.0,6.1,6.0,6.4,4,1.5,9.2
995,47849,4,14,89.2,56.7,60.3,7.6,57.4,53.6,4,14.35,5.1
996,15200,4,15,45.8,19.9,21.5,8.1,21.1,19.0,4,5.28,6.2
997,17377,2,7,63.4,2.0,1.8,8.2,2.0,1.8,3,0.67,8.1
998,17310,5,17,39.8,64.6,66.5,6.8,67.0,65.4,4,16.75,4.8
999,44537,1,1,55.7,,,,0.9,1.0,3,0.3,6.7
1000,13662,1,2,82.4,0.3,0.3,8.1,0.3,0.3,3,0.1,7.7
