sample_id,mulberry_variety,plantation_age_years,area_acres,season,days_since_last_harvest,previous_yield_kg,leaf_maturity_pct,temperature_celsius,humidity_pct,rainfall_mm,days_to_optimal_harvest,actual_yield_kg,harvest_window_start,harvest_window_end,confidence_score
1,V1,0.7,2.6,monsoon,9,109.4,69.2,19.7,64.8,0.3,10,83.5,2026-09-27,2026-09-29,92
2,V2,2.6,4.9,summer,30,164.1,87.4,24.8,52.3,31.5,0,158.2,2026-09-17,2026-09-19,92
3,V1,7.4,4.5,normal,38,,96.5,35.7,62.0,2.1,1,161.7,2026-09-18,2026-09-20,87
4,V1,8.6,7.0,normal,32,266.6,98,30.7,62.1,4.6,3,276.6,2026-09-20,2026-09-22,94
5,S36,5.6,2.3,normal,20,77.9,82.9,29.1,77.2,18.5,15,87.1,2026-10-02,2026-10-04,94
6,V2,3.0,2.1,winter,44,,95.6,28.0,86.6,10.3,0,74.8,2026-09-17,2026-09-19,87
7,M5,7.6,3.7,normal,17,143.9,76.6,27.9,80.5,19.7,19,155.7,2026-10-06,2026-10-08,94
8,V1,4.2,5.0,normal,19,225.3,75.0,37.4,85.5,0.1,20,195.4,2026-10-07,2026-10-09,90
9,M5,4.6,3.9,winter,51,151.1,98,35.4,59.0,10.2,0,153.4,2026-09-17,2026-09-19,90
10,V1,6.2,4.2,summer,22,,89.6,22.8,56.3,8.4,12,151.2,2026-09-29,2026-10-01,85
11,S36,1.7,4.1,monsoon,36,144.1,98,22.2,70.3,13.1,1,134.6,2026-09-18,2026-09-20,92
12,V2,1.6,2.2,winter,40,72.5,92.0,29.1,72.7,0.1,0,81.0,2026-09-17,2026-09-19,94
13,M5,1.2,2.3,normal,37,90.7,98,29.4,67.2,15.4,0,93.5,2026-09-17,2026-09-19,94
14,M5,4.5,4.0,summer,6,157.7,70.2,26.1,60.9,19.8,23,166.9,2026-10-10,2026-10-12,94
15,S36,3.1,2.4,summer,38,81.6,98,28.8,45.7,1.0,0,79.8,2026-09-17,2026-09-19,92
16,V2,9.1,1.7,summer,19,74.3,80.7,36.5,81.9,3.4,16,62.6,2026-10-03,2026-10-05,92
17,S36,3.3,7.8,summer,6,338.1,66.6,36.4,70.0,0.6,26,292.2,2026-10-13,2026-10-15,92
18,S36,4.3,7.6,monsoon,22,261.2,98,19.6,75.9,8.3,1,259.5,2026-09-18,2026-09-20,92
19,V2,1.7,5.3,normal,7,180.8,68.6,29.3,49.7,7.7,28,191.6,2026-10-15,2026-10-17,92
20,M5,3.2,3.8,winter,54,182.2,98,31.1,45.4,17.0,0,167.1,2026-09-17,2026-09-19,92
21,S36,3.1,5.0,winter,46,,95.7,27.8,87.6,18.7,0,164.7,2026-09-17,2026-09-19,87
22,M5,7.8,5.3,winter,50,,95.7,26.8,78.2,8.2,1,243.9,2026-09-18,2026-09-20,89
23,V1,8.4,4.9,monsoon,11,220.8,77.0,36.7,90.7,0.4,14,187.6,2026-10-01,2026-10-03,90
24,V2,9.8,6.1,monsoon,14,286.0,84.0,35.6,46.2,13.3,7,217.8,2026-09-24,2026-09-26,90
25,V1,4.1,0.8,normal,15,,75.0,24.1,82.4,2.6,17,33.1,2026-10-04,2026-10-06,89
26,M5,8.7,7.8,winter,44,284.7,90.1,28.2,76.9,18.6,1,304.1,2026-09-18,2026-09-20,94
27,M5,0.9,5.0,winter,30,180.2,77.9,25.7,72.1,2.9,16,167.2,2026-10-03,2026-10-05,94
28,S36,4.0,1.0,winter,23,40.5,70.8,31.3,50.9,23.0,26,36.2,2026-10-13,2026-10-15,92
29,S36,2.3,5.5,normal,50,203.1,98,24.0,70.8,0.0,1,199.9,2026-09-18,2026-09-20,94
30,M5,4.9,3.8,monsoon,13,143.2,72.6,31.2,58.3,10.9,11,151.9,2026-09-28,2026-09-30,92
31,S36,1.9,0.8,normal,52,27.3,98,30.6,54.1,11.9,1,27.8,2026-09-18,2026-09-20,92
32,V1,7.9,2.1,normal,38,94.1,98,23.0,84.9,6.1,1,86.5,2026-09-18,2026-09-20,92
33,V2,6.3,5.9,normal,31,261.1,92.9,27.5,57.2,2.8,8,227.0,2026-09-25,2026-09-27,92
34,V2,1.2,2.6,winter,23,89.6,71.5,35.9,48.8,1.6,21,80.7,2026-10-08,2026-10-10,90
35,V2,1.1,6.7,normal,47,256.2,98,29.5,67.4,28.6,0,244.9,2026-09-17,2026-09-19,94
36,S36,5.1,2.5,normal,27,93.8,92.0,24.7,76.9,5.2,2,99.1,2026-09-19,2026-09-21,94
37,V1,9.1,4.9,summer,44,192.4,90.8,21.6,57.2,4.0,0,171.2,2026-09-17,2026-09-19,90
38,V1,5.0,6.1,summer,17,302.3,79.1,31.0,81.7,10.5,15,278.6,2026-10-02,2026-10-04,94
39,S36,2.8,4.1,summer,32,,94.2,21.4,73.5,13.8,0,133.2,2026-09-17,2026-09-19,87
40,V1,9.3,4.8,normal,48,217.5,91.5,22.0,72.8,17.8,0,187.3,2026-09-17,2026-09-19,92
41,V1,8.1,4.7,summer,37,166.3,94.5,28.1,61.0,18.9,0,184.5,2026-09-17,2026-09-19,94
42,V2,7.2,3.8,winter,54,157.6,98,36.4,81.4,6.3,0,151.0,2026-09-17,2026-09-19,92
43,V1,3.1,3.9,normal,42,148.0,96.2,27.9,60.3,6.7,0,161.1,2026-09-17,2026-09-19,94
44,M5,5.8,4.4,monsoon,18,209.6,89.7,32.4,68.0,14.2,1,180.7,2026-09-18,2026-09-20,92
45,M5,2.6,5.7,winter,40,251.8,83.5,24.9,91.8,8.0,10,223.4,2026-09-27,2026-09-29,92
46,S36,3.5,6.1,monsoon,16,240.8,89.2,32.8,58.0,8.9,4,207.1,2026-09-21,2026-09-23,90
47,M5,0.6,4.5,winter,6,208.5,55.2,20.5,85.8,6.8,34,151.7,2026-10-21,2026-10-23,90
48,M5,9.4,4.1,summer,34,,93.0,19.5,74.6,0.6,1,148.7,2026-09-18,2026-09-20,87
49,S36,1.6,6.2,monsoon,31,,98,29.8,65.2,8.4,1,202.4,2026-09-18,2026-09-20,89
50,S36,6.4,2.5,summer,18,98.6,77.2,21.5,48.5,0.0,12,81.9,2026-09-29,2026-10-01,90
51,V2,1.2,2.3,winter,40,104.0,82.1,26.5,70.6,10.4,9,85.3,2026-09-26,2026-09-28,94
52,M5,6.2,6.7,winter,10,306.3,55.6,27.4,59.3,5.2,37,270.7,2026-10-24,2026-10-26,92
53,V2,7.5,5.0,summer,17,181.6,85.8,29.5,89.7,77.6,11,176.3,2026-09-28,2026-09-30,87
54,V2,9.2,1.9,normal,55,81.2,96.2,27.8,49.3,4.3,0,70.3,2026-09-17,2026-09-19,92
55,M5,6.8,3.5,summer,8,167.4,62.7,37.4,64.0,7.2,28,144.5,2026-10-15,2026-10-17,92
56,M5,6.4,4.2,normal,16,187.8,79.6,23.3,51.2,3.4,13,170.2,2026-09-30,2026-10-02,90
57,S36,3.5,0.6,normal,17,24.8,85.8,27.2,50.5,17.8,15,22.1,2026-10-02,2026-10-04,92
58,V2,9.8,2.3,monsoon,15,83.8,79.6,36.4,68.9,21.1,9,78.9,2026-09-26,2026-09-28,92
59,M5,8.3,2.6,winter,40,119.0,92.3,21.0,70.3,4.2,9,112.9,2026-09-26,2026-09-28,92
60,S36,5.9,2.3,normal,23,93.1,85.6,32.9,78.1,16.7,8,86.0,2026-09-25,2026-09-27,92
61,V1,1.7,7.7,winter,31,268.4,92.4,18.3,51.8,20.5,10,261.5,2026-09-27,2026-09-29,90
62,M5,8.6,6.9,normal,43,,98,32.4,80.7,20.6,0,267.3,2026-09-17,2026-09-19,87
63,M5,10.0,6.1,normal,43,225.8,97.5,21.3,59.1,0.3,0,207.8,2026-09-17,2026-09-19,90
64,S36,2.1,1.1,normal,46,37.7,96.2,22.8,87.9,1.5,0,35.5,2026-09-17,2026-09-19,90
65,M5,6.9,1.7,normal,40,87.3,94.9,31.8,66.5,3.6,0,77.8,2026-09-17,2026-09-19,94
66,M5,6.0,7.9,winter,45,422.8,98,25.9,45.4,20.0,1,374.9,2026-09-18,2026-09-20,92
67,M5,7.9,2.2,winter,43,,96.1,33.1,81.1,11.4,0,91.9,2026-09-17,2026-09-19,87
68,M5,8.0,0.8,winter,8,40.1,65.4,36.2,60.4,5.4,34,35.5,2026-10-21,2026-10-23,92
69,S36,2.9,6.7,normal,24,272.4,84.7,19.5,80.4,2.6,10,250.6,2026-09-27,2026-09-29,92
70,M5,1.4,3.5,winter,10,177.8,59.1,27.1,76.6,11.2,38,147.4,2026-10-25,2026-10-27,94
71,S36,5.0,5.1,winter,17,,65.5,27.3,78.0,10.5,31,205.9,2026-10-18,2026-10-20,89
72,M5,10.0,1.4,monsoon,27,61.0,93.5,27.1,76.5,13.6,1,58.3,2026-09-18,2026-09-20,94
73,V2,6.7,6.8,normal,5,257.6,59.9,26.9,56.1,4.5,30,250.9,2026-10-17,2026-10-19,92
74,S36,9.7,7.6,normal,45,,95.4,22.2,75.1,35.4,0,216.0,2026-09-17,2026-09-19,87
75,V1,8.4,4.7,monsoon,24,200.6,98,29.9,58.0,41.4,0,168.3,2026-09-17,2026-09-19,87
76,M5,8.0,2.3,winter,14,,62.0,23.3,51.0,5.5,25,86.8,2026-10-12,2026-10-14,85
77,V1,4.8,2.2,summer,32,,94.4,38.0,84.8,5.6,1,82.0,2026-09-18,2026-09-20,87
78,V1,3.6,1.6,monsoon,23,65.3,96.0,25.6,73.1,3.5,1,63.4,2026-09-18,2026-09-20,94
79,S36,4.6,7.2,normal,32,294.0,86.4,24.3,59.7,2.9,3,269.5,2026-09-20,2026-09-22,92
80,V1,4.6,6.1,winter,38,247.1,95.0,19.2,90.0,8.2,5,241.0,2026-09-22,2026-09-24,90
81,V1,9.7,5.0,winter,39,177.7,90.7,27.6,84.8,4.3,2,185.8,2026-09-19,2026-09-21,94
82,V2,8.5,7.8,summer,4,250.4,59.9,21.6,78.0,3.7,27,261.3,2026-10-14,2026-10-16,92
83,S36,7.5,7.8,summer,27,247.2,86.6,25.4,78.9,15.0,3,267.7,2026-09-20,2026-09-22,94
84,V1,6.9,2.5,normal,41,,98,26.8,57.8,14.1,0,97.7,2026-09-17,2026-09-19,87
85,V2,5.5,2.8,monsoon,6,89.9,68.4,22.2,51.5,3.0,19,92.1,2026-10-06,2026-10-08,90
86,S36,5.3,6.8,winter,28,295.8,82.5,35.2,47.0,0.2,14,244.6,2026-10-01,2026-10-03,90
87,M5,1.6,0.7,winter,54,,98,31.8,62.0,5.7,0,29.0,2026-09-17,2026-09-19,89
88,V1,4.3,2.8,winter,24,103.2,75.9,33.6,48.6,10.0,19,104.5,2026-10-06,2026-10-08,90
89,S36,2.7,1.6,monsoon,12,67.1,79.4,21.5,81.3,6.8,8,59.7,2026-09-25,2026-09-27,92
90,M5,8.7,5.2,monsoon,7,220.1,60.4,27.4,74.7,15.9,17,214.6,2026-10-04,2026-10-06,94
91,V2,0.9,3.3,winter,44,147.4,98,30.3,68.8,6.2,0,108.4,2026-09-17,2026-09-19,94
92,S36,3.6,4.1,monsoon,17,156.1,86.9,20.1,87.3,4.2,0,143.1,2026-09-17,2026-09-19,90
93,S36,4.0,7.4,normal,24,268.4,81.1,30.6,60.7,4.0,12,283.5,2026-09-29,2026-10-01,94
94,S36,3.7,4.9,monsoon,22,218.8,92.1,37.4,77.8,5.0,1,186.5,2026-09-18,2026-09-20,92
95,M5,8.2,5.5,summer,35,220.4,93.7,21.6,55.1,29.5,0,206.9,2026-09-17,2026-09-19,90
96,V1,6.8,7.1,monsoon,12,258.3,77.9,21.2,84.1,14.7,12,258.3,2026-09-29,2026-10-01,92
97,S36,9.7,5.1,normal,37,199.3,98,33.7,87.5,2.2,0,159.7,2026-09-17,2026-09-19,90
98,V2,9.7,6.6,monsoon,6,,76.3,30.8,86.1,8.1,17,219.2,2026-10-04,2026-10-06,87
99,S36,3.1,7.3,monsoon,8,,71.0,27.0,61.4,0.3,17,263.3,2026-10-04,2026-10-06,89
100,V2,9.9,3.3,summer,9,,65.0,34.8,75.5,15.7,24,109.8,2026-10-11,2026-10-13,87
101,S36,7.7,4.0,summer,4,,60.2,29.0,79.2,7.5,25,142.3,2026-10-12,2026-10-14,89
102,V1,1.0,3.6,normal,10,155.7,75.5,34.7,68.5,7.7,22,129.5,2026-10-09,2026-10-11,92
103,M5,2.8,3.6,summer,7,132.4,68.3,33.7,68.9,0.2,26,138.9,2026-10-13,2026-10-15,92
104,V1,3.9,1.0,monsoon,24,47.6,96.6,20.7,61.6,4.1,1,41.7,2026-09-18,2026-09-20,92
105,S36,8.2,1.0,normal,21,42.8,85.1,35.7,59.8,3.7,9,33.6,2026-09-26,2026-09-28,90
106,M5,8.7,0.9,winter,10,47.9,70.8,34.0,65.5,5.1,34,39.4,2026-10-21,2026-10-23,92
107,V2,4.0,6.5,winter,49,,94.2,37.9,53.5,3.5,0,225.1,2026-09-17,2026-09-19,85
108,V2,2.1,3.8,normal,25,125.1,90.3,30.3,65.4,10.2,6,138.3,2026-09-23,2026-09-25,94
109,M5,5.4,6.1,monsoon,7,259.4,74.1,26.8,50.9,2.7,12,242.8,2026-09-29,2026-10-01,92
110,V2,9.5,3.3,summer,36,107.0,93.1,25.3,59.8,3.3,0,108.6,2026-09-17,2026-09-19,92
111,V1,3.0,2.5,normal,42,121.7,96.0,27.8,50.8,19.2,0,108.1,2026-09-17,2026-09-19,92
112,M5,6.8,5.8,winter,57,246.5,98,21.2,78.3,12.0,0,229.5,2026-09-17,2026-09-19,92
113,S36,2.7,4.2,winter,39,191.5,82.6,29.0,73.8,0.9,10,163.4,2026-09-27,2026-09-29,94
114,V2,7.8,6.7,summer,23,308.5,91.0,30.8,66.1,11.4,8,277.7,2026-09-25,2026-09-27,94
115,S36,7.8,1.5,summer,36,66.0,98,24.5,78.3,4.2,0,57.0,2026-09-17,2026-09-19,94
116,M5,1.7,2.8,summer,40,131.3,98,36.8,52.2,10.8,1,103.7,2026-09-18,2026-09-20,90
117,M5,6.7,6.3,normal,43,318.4,98,28.9,75.2,3.6,0,288.4,2026-09-17,2026-09-19,94
118,V1,7.0,1.7,normal,32,78.1,91.2,22.1,73.5,3.7,5,68.4,2026-09-22,2026-09-24,92
119,M5,5.4,1.3,monsoon,10,52.6,70.7,19.9,58.6,4.8,14,54.0,2026-10-01,2026-10-03,90
120,S36,7.7,4.2,normal,22,143.0,81.8,27.9,49.2,5.0,16,137.0,2026-10-03,2026-10-05,92
121,V2,6.2,6.8,normal,37,222.5,98,20.7,57.4,4.6,0,228.0,2026-09-17,2026-09-19,90
122,V1,4.2,3.9,winter,46,195.7,92.6,30.2,51.0,1.0,4,173.4,2026-09-21,2026-09-23,92
123,S36,6.2,3.5,summer,5,123.8,64.5,27.5,66.5,9.3,24,127.9,2026-10-11,2026-10-13,94
124,V2,9.9,6.0,winter,24,237.6,77.3,28.1,69.0,6.7,24,217.0,2026-10-11,2026-10-13,94
125,V1,9.8,4.9,summer,19,178.7,83.6,33.5,72.1,12.8,17,177.2,2026-10-04,2026-10-06,92
126,V2,1.9,5.6,summer,15,216.0,74.3,18.4,59.7,1.6,15,200.2,2026-10-02,2026-10-04,90
127,V1,7.2,4.4,winter,33,204.9,78.0,21.5,87.9,4.2,18,171.6,2026-10-05,2026-10-07,90
128,V2,2.3,2.3,winter,22,91.3,74.9,33.4,78.1,11.7,22,86.7,2026-10-09,2026-10-11,92
129,M5,3.2,4.8,normal,25,211.0,89.7,23.8,58.5,12.5,11,194.1,2026-09-28,2026-09-30,90
130,M5,9.4,5.7,monsoon,18,210.6,90.9,22.8,76.5,7.6,1,209.2,2026-09-18,2026-09-20,92
131,S36,0.5,4.6,monsoon,33,146.1,95.4,37.3,60.1,10.4,1,123.1,2026-09-18,2026-09-20,92
132,V1,9.2,1.8,monsoon,29,88.5,98,25.9,68.3,27.6,0,71.5,2026-09-17,2026-09-19,94
133,V1,9.3,3.0,normal,37,117.5,83.7,20.7,68.7,3.2,4,105.8,2026-09-21,2026-09-23,92
134,S36,0.6,3.0,winter,46,128.9,91.3,33.1,53.2,19.4,4,82.8,2026-09-21,2026-09-23,90
135,S36,5.0,7.5,summer,27,,89.4,37.1,59.2,12.8,6,242.0,2026-09-23,2026-09-25,85
136,V2,3.4,3.5,winter,43,119.5,98,36.3,58.9,9.5,0,119.0,2026-09-17,2026-09-19,90
137,V2,7.7,6.5,monsoon,8,301.9,65.4,25.2,88.1,1.2,12,248.7,2026-09-29,2026-10-01,92
138,M5,8.6,3.8,monsoon,8,,67.0,36.0,65.9,0.6,17,136.9,2026-10-04,2026-10-06,87
139,V2,6.9,2.8,summer,19,,80.0,29.6,47.1,4.2,14,101.6,2026-10-01,2026-10-03,87
140,V2,0.8,3.6,monsoon,26,136.8,91.9,37.9,63.0,20.4,1,111.4,2026-09-18,2026-09-20,92
141,S36,6.7,3.1,monsoon,36,128.1,98,34.7,80.5,38.4,0,108.6,2026-09-17,2026-09-19,92
142,M5,2.0,1.9,summer,29,70.7,98,30.3,89.0,22.0,1,71.8,2026-09-18,2026-09-20,92
143,V1,2.8,0.8,normal,37,36.7,98,19.1,68.7,3.4,0,32.5,2026-09-17,2026-09-19,92
144,M5,2.8,7.1,monsoon,22,278.0,98,23.5,71.2,9.0,3,277.6,2026-09-20,2026-09-22,92
145,M5,9.4,5.5,winter,29,268.1,82.5,33.1,67.3,18.9,17,229.6,2026-10-04,2026-10-06,92
146,V2,5.8,1.5,monsoon,16,60.9,87.2,24.6,48.7,6.0,5,55.6,2026-09-22,2026-09-24,92
147,V1,8.8,1.9,monsoon,16,67.6,83.1,37.1,45.7,27.7,9,68.0,2026-09-26,2026-09-28,90
148,V2,9.2,4.6,winter,32,183.8,80.2,28.7,61.9,3.0,13,177.6,2026-09-30,2026-10-02,94
149,V2,7.7,2.9,monsoon,23,119.7,90.6,22.4,51.9,3.0,0,98.4,2026-09-17,2026-09-19,90
150,S36,5.2,5.4,winter,51,178.0,98,34.4,90.4,10.3,0,174.9,2026-09-17,2026-09-19,90
151,V1,5.5,6.8,summer,3,271.1,52.7,22.6,78.2,0.1,26,277.4,2026-10-13,2026-10-15,92
152,V2,6.8,0.6,normal,4,,64.4,28.6,57.9,37.9,27,23.1,2026-10-14,2026-10-16,87
153,V1,9.2,4.4,monsoon,36,165.8,97.9,33.9,48.7,32.0,1,148.2,2026-09-18,2026-09-20,90
154,V1,1.4,3.3,normal,43,154.4,98,18.2,53.1,6.9,1,131.2,2026-09-18,2026-09-20,90
155,V1,2.7,7.3,normal,5,349.6,66.3,23.6,70.5,10.7,28,300.7,2026-10-15,2026-10-17,92
156,V2,9.3,2.7,monsoon,37,117.7,95.2,24.6,80.5,1.5,1,106.3,2026-09-18,2026-09-20,94
157,M5,1.0,3.8,summer,41,204.7,98,25.9,81.4,0.3,0,163.6,2026-09-17,2026-09-19,94
158,V2,4.6,5.6,normal,42,213.2,88.1,23.9,56.6,0.8,1,190.9,2026-09-18,2026-09-20,90
159,V1,0.5,2.8,winter,9,,64.9,27.0,71.1,5.2,35,82.9,2026-10-22,2026-10-24,89
160,M5,8.7,0.6,normal,8,27.2,65.8,32.5,71.3,49.2,29,22.6,2026-10-16,2026-10-18,87
161,V2,1.9,1.8,winter,22,63.2,72.5,23.0,56.6,9.8,23,55.6,2026-10-10,2026-10-12,90
162,V2,8.1,3.0,winter,55,125.0,98,34.5,75.6,9.0,1,107.4,2026-09-18,2026-09-20,92
163,V2,9.7,2.7,normal,53,112.0,98,34.3,63.5,1.2,1,96.0,2026-09-18,2026-09-20,92
164,V1,9.6,4.0,monsoon,21,179.6,92.5,34.6,48.3,18.8,3,145.2,2026-09-20,2026-09-22,90
165,V2,8.0,1.1,normal,28,47.5,74.9,35.4,64.7,0.4,12,43.1,2026-09-29,2026-10-01,92
166,V1,7.8,5.4,winter,44,269.1,95.0,30.3,71.5,10.4,0,244.5,2026-09-17,2026-09-19,94
167,V2,1.5,1.2,monsoon,31,47.7,94.9,31.6,77.5,1.6,0,44.4,2026-09-17,2026-09-19,94
168,V1,1.6,7.6,monsoon,22,267.8,96.4,24.9,81.9,7.4,2,289.3,2026-09-19,2026-09-21,94
169,M5,1.1,0.8,summer,24,31.1,85.7,21.3,91.2,2.8,5,29.2,2026-09-22,2026-09-24,90
170,S36,2.3,5.4,normal,42,,93.2,35.7,66.1,5.6,0,177.9,2026-09-17,2026-09-19,87
171,V1,6.0,6.5,monsoon,23,260.8,95.6,31.4,68.0,33.8,0,255.8,2026-09-17,2026-09-19,94
172,V2,6.4,6.6,winter,40,230.5,89.5,19.7,51.3,1.3,10,223.7,2026-09-27,2026-09-29,90
173,V2,4.5,4.2,monsoon,34,167.0,97.4,34.8,74.1,20.1,0,167.4,2026-09-17,2026-09-19,92
174,V2,4.4,4.2,normal,13,152.9,71.6,19.7,46.5,14.3,25,147.9,2026-10-12,2026-10-14,90
175,V2,5.7,1.3,summer,37,62.2,98,34.5,47.0,12.7,0,49.6,2026-09-17,2026-09-19,90
176,V1,4.8,3.1,summer,10,122.4,63.0,33.5,56.1,16.6,26,116.2,2026-10-13,2026-10-15,90
177,S36,8.2,6.5,winter,20,248.4,69.7,37.6,58.8,8.5,29,219.7,2026-10-16,2026-10-18,90
178,V2,9.2,7.9,monsoon,18,302.4,89.6,20.9,60.1,2.8,1,270.4,2026-09-18,2026-09-20,92
179,V2,4.1,1.1,summer,35,50.5,96.2,35.5,66.4,6.7,1,44.3,2026-09-18,2026-09-20,92
180,M5,8.6,6.5,normal,30,298.0,85.2,34.5,68.3,3.9,2,265.3,2026-09-19,2026-09-21,92
181,M5,9.0,6.2,summer,43,,98,20.5,85.3,5.8,0,206.4,2026-09-17,2026-09-19,85
182,M5,2.0,7.5,winter,44,277.0,93.6,25.2,48.9,10.9,1,290.1,2026-09-18,2026-09-20,92
183,S36,4.6,1.2,summer,16,51.4,75.7,22.5,77.0,0.1,12,45.0,2026-09-29,2026-10-01,92
184,S36,4.1,6.0,summer,23,262.2,87.0,25.4,59.1,4.8,7,225.7,2026-09-24,2026-09-26,92
185,V1,6.3,1.7,winter,43,61.1,94.9,30.3,65.8,2.4,0,68.9,2026-09-17,2026-09-19,94
186,V2,3.8,3.7,monsoon,20,135.3,84.1,30.9,56.7,9.2,2,137.8,2026-09-19,2026-09-21,92
187,M5,2.5,5.1,monsoon,21,242.2,85.7,33.9,56.2,4.9,2,216.5,2026-09-19,2026-09-21,90
188,M5,1.8,7.0,normal,37,254.1,91.7,31.7,80.8,30.9,0,255.1,2026-09-17,2026-09-19,94
189,V1,9.5,3.5,winter,48,133.9,89.3,32.0,48.9,7.7,2,129.0,2026-09-19,2026-09-21,92
190,S36,5.6,3.4,summer,47,151.1,98.0,26.7,89.8,2.7,0,130.9,2026-09-17,2026-09-19,92
191,M5,6.8,5.4,monsoon,3,264.5,59.7,21.3,89.8,7.4,15,233.8,2026-10-02,2026-10-04,90
192,V1,7.8,0.7,normal,36,,91.3,19.3,78.5,8.6,0,24.4,2026-09-17,2026-09-19,87
193,S36,4.0,2.4,summer,17,106.5,78.4,35.2,45.6,0.5,11,90.3,2026-09-28,2026-09-30,90
194,V2,2.6,2.4,winter,55,83.7,97.7,19.6,62.5,7.0,1,89.4,2026-09-18,2026-09-20,92
195,V1,8.8,7.0,winter,8,289.8,61.6,22.0,71.5,3.6,38,280.6,2026-10-25,2026-10-27,92
196,S36,7.5,4.6,monsoon,3,188.3,60.8,36.6,46.1,7.8,16,160.9,2026-10-03,2026-10-05,90
197,M5,1.5,4.5,monsoon,34,230.5,98,20.8,58.2,0.4,0,187.0,2026-09-17,2026-09-19,90
198,V1,6.0,4.3,normal,40,163.3,95.4,29.4,65.4,33.3,0,169.3,2026-09-17,2026-09-19,94
199,M5,3.5,2.5,summer,11,114.1,70.2,21.1,52.7,6.3,19,103.2,2026-10-06,2026-10-08,90
200,V1,2.0,5.6,summer,23,192.8,79.5,21.0,78.4,34.5,8,181.7,2026-09-25,2026-09-27,92
201,V2,8.6,4.7,monsoon,32,165.3,98,20.4,47.9,15.2,0,157.1,2026-09-17,2026-09-19,90
202,M5,9.2,1.1,summer,44,46.2,98,26.9,51.1,23.5,0,42.5,2026-09-17,2026-09-19,92
203,V2,8.3,3.5,summer,46,,94.7,36.2,57.9,5.9,1,109.2,2026-09-18,2026-09-20,85
204,V2,8.9,4.1,summer,27,172.6,90.4,20.7,54.4,21.6,6,151.7,2026-09-23,2026-09-25,90
205,M5,5.1,6.4,winter,35,262.8,82.2,18.5,73.1,0.3,14,270.6,2026-10-01,2026-10-03,92
206,S36,9.8,1.3,monsoon,37,43.9,98,34.3,88.1,0.6,0,41.1,2026-09-17,2026-09-19,90
207,S36,2.7,2.9,winter,4,123.9,57.2,29.4,51.7,29.6,45,102.9,2026-11-01,2026-11-03,92
208,V1,1.4,2.2,monsoon,19,86.5,93.7,27.6,60.6,9.5,0,87.8,2026-09-17,2026-09-19,94
209,M5,1.1,1.6,monsoon,26,61.5,98,36.8,63.6,1.1,0,59.9,2026-09-17,2026-09-19,92
210,V2,6.7,1.8,winter,45,61.3,95.9,29.8,53.2,3.7,1,65.0,2026-09-18,2026-09-20,92
211,V2,8.6,6.3,summer,41,235.0,95.0,30.2,75.1,1.1,0,229.5,2026-09-17,2026-09-19,94
212,M5,2.1,7.1,summer,31,356.2,98,18.2,54.9,11.8,3,281.9,2026-09-20,2026-09-22,90
213,S36,8.9,4.2,normal,37,156.5,92.0,33.8,72.2,14.2,0,137.5,2026-09-17,2026-09-19,92
214,V1,1.2,1.8,normal,7,79.0,69.1,28.9,87.2,1.0,25,68.2,2026-10-12,2026-10-14,92
215,S36,6.3,3.8,summer,24,131.8,88.8,31.9,78.9,13.1,4,134.9,2026-09-21,2026-09-23,94
216,V2,5.9,6.8,monsoon,14,269.9,88.6,18.1,49.1,17.4,3,229.6,2026-09-20,2026-09-22,90
217,V1,5.0,1.4,normal,34,51.4,94.2,30.8,63.2,4.6,2,55.2,2026-09-19,2026-09-21,94
218,V2,3.0,6.8,summer,45,299.9,96.1,19.9,76.4,16.5,0,266.4,2026-09-17,2026-09-19,92
219,V2,9.7,5.7,normal,18,255.4,71.9,36.1,78.6,7.0,22,205.0,2026-10-09,2026-10-11,92
220,V2,2.1,7.9,monsoon,11,356.8,76.2,18.9,48.7,11.5,9,294.2,2026-09-26,2026-09-28,90
221,V1,1.3,4.7,winter,36,190.6,79.9,33.7,74.3,7.4,7,172.7,2026-09-24,2026-09-26,92
222,V1,9.3,4.7,summer,37,203.1,98,35.6,86.3,3.1,0,157.7,2026-09-17,2026-09-19,90
223,V2,0.9,7.2,winter,6,262.7,60.3,35.9,46.0,17.0,37,212.9,2026-10-24,2026-10-26,90
224,S36,1.8,7.8,normal,20,345.4,68.9,32.6,73.4,0.9,15,287.4,2026-10-02,2026-10-04,92
225,M5,8.3,4.4,monsoon,22,227.7,97.0,33.6,69.6,8.4,0,187.3,2026-09-17,2026-09-19,92
226,V2,1.0,3.2,monsoon,26,,94.1,34.5,68.7,10.1,0,101.7,2026-09-17,2026-09-19,87
227,V2,2.2,7.0,winter,13,,68.2,34.6,49.2,0.3,33,214.6,2026-10-20,2026-10-22,85
228,S36,6.9,2.5,normal,4,81.0,56.6,35.3,90.5,11.5,33,77.6,2026-10-20,2026-10-22,90
229,M5,7.3,5.8,winter,60,250.3,95.4,23.0,66.9,11.3,0,245.1,2026-09-17,2026-09-19,92
230,M5,5.8,5.0,winter,46,257.5,98,20.2,48.0,44.5,0,205.7,2026-09-17,2026-09-19,85
231,S36,9.0,6.5,normal,23,236.0,75.3,31.1,91.9,3.0,16,230.8,2026-10-03,2026-10-05,92
232,S36,3.8,5.9,normal,25,195.6,74.2,28.1,84.7,18.4,14,213.8,2026-10-01,2026-10-03,94
233,M5,7.4,4.7,monsoon,8,218.7,69.4,35.4,64.8,21.8,15,201.9,2026-10-02,2026-10-04,92
234,V1,5.0,2.0,summer,36,,98,24.0,47.5,19.3,0,82.9,2026-09-17,2026-09-19,87
235,V2,1.9,7.0,monsoon,34,310.6,92.2,24.3,47.7,6.0,1,265.1,2026-09-18,2026-09-20,92
236,V1,1.7,3.8,normal,30,151.5,98,37.3,63.0,0.4,5,145.1,2026-09-22,2026-09-24,92
237,S36,0.7,0.5,monsoon,25,,97.3,28.1,59.4,0.7,0,12.4,2026-09-17,2026-09-19,87
238,M5,4.6,5.7,monsoon,34,246.6,98,25.2,53.9,29.6,0,249.5,2026-09-17,2026-09-19,92
239,S36,7.5,4.9,monsoon,26,193.2,96.3,25.5,75.1,14.8,0,188.6,2026-09-17,2026-09-19,94
240,V1,1.0,1.4,normal,10,61.9,59.2,28.9,67.3,1.7,26,54.7,2026-10-13,2026-10-15,94
241,V1,6.8,2.5,monsoon,9,116.7,64.5,23.7,81.9,6.9,16,103.3,2026-10-03,2026-10-05,92
242,V2,3.3,0.8,normal,47,37.2,97.6,36.7,60.5,0.0,1,30.4,2026-09-18,2026-09-20,92
243,V1,7.9,1.1,summer,44,37.7,98,23.9,66.8,1.1,0,40.2,2026-09-17,2026-09-19,92
244,V2,7.5,1.2,summer,11,50.3,82.6,31.3,53.0,4.4,18,46.2,2026-10-05,2026-10-07,92
245,S36,1.6,3.5,normal,27,,85.1,26.4,86.6,1.8,8,116.2,2026-09-25,2026-09-27,87
246,S36,1.5,7.3,normal,46,317.6,93.8,26.8,73.7,15.1,1,283.0,2026-09-18,2026-09-20,94
247,S36,5.1,4.2,normal,5,173.9,65.8,18.2,85.8,7.4,31,150.2,2026-10-18,2026-10-20,90
248,V1,4.6,5.9,normal,45,296.1,98,31.5,63.1,18.3,0,250.5,2026-09-17,2026-09-19,94
249,S36,5.3,4.0,normal,7,144.6,63.8,24.6,58.1,7.1,24,139.0,2026-10-11,2026-10-13,92
250,V2,1.3,4.2,winter,34,,84.7,32.9,45.8,5.2,8,122.2,2026-09-25,2026-09-27,85
251,M5,9.0,4.7,normal,26,229.8,88.1,34.9,60.6,14.6,9,188.8,2026-09-26,2026-09-28,92
252,S36,0.5,3.2,winter,36,137.3,78.4,25.5,50.0,22.7,13,94.7,2026-09-30,2026-10-02,92
253,S36,2.3,7.5,normal,32,304.6,95.0,24.8,80.6,0.5,0,285.3,2026-09-17,2026-09-19,94
254,V2,4.8,4.9,monsoon,3,194.7,57.5,28.6,47.3,27.4,23,196.9,2026-10-10,2026-10-12,92
255,S36,7.4,1.5,normal,41,51.3,93.2,35.6,64.7,9.4,0,55.0,2026-09-17,2026-09-19,92
256,V2,8.1,1.5,winter,58,53.0,95.8,24.3,79.6,8.1,1,54.9,2026-09-18,2026-09-20,94
257,M5,9.3,1.5,monsoon,10,78.1,72.7,29.7,89.3,12.4,14,64.8,2026-10-01,2026-10-03,92
258,V1,5.5,0.7,monsoon,24,31.6,92.9,19.1,57.5,15.4,0,27.3,2026-09-17,2026-09-19,90
259,V1,3.9,3.9,monsoon,18,158.3,77.9,31.9,77.6,0.5,7,158.7,2026-09-24,2026-09-26,94
260,V1,0.6,2.4,normal,43,105.0,97.5,32.1,75.4,14.1,1,76.9,2026-09-18,2026-09-20,92
261,S36,9.8,1.1,monsoon,27,,98,23.3,52.6,18.7,0,29.9,2026-09-17,2026-09-19,85
262,M5,6.2,6.3,winter,53,251.7,98,29.5,61.8,15.3,0,274.5,2026-09-17,2026-09-19,94
263,S36,4.5,4.5,summer,17,169.3,80.0,24.6,58.8,30.0,17,173.2,2026-10-04,2026-10-06,92
264,V1,1.6,3.1,monsoon,5,124.3,60.6,31.7,60.1,24.8,17,122.8,2026-10-04,2026-10-06,94
265,V1,9.2,6.7,winter,54,,93.4,23.9,75.6,3.9,0,243.5,2026-09-17,2026-09-19,87
266,V1,6.5,2.1,monsoon,9,85.9,69.7,22.1,84.0,21.1,14,80.5,2026-10-01,2026-10-03,92
267,V2,7.3,0.8,summer,14,33.7,76.4,29.5,55.7,3.0,14,30.2,2026-10-01,2026-10-03,92
268,V1,5.6,5.3,summer,7,232.1,60.1,25.2,68.6,3.4,21,231.3,2026-10-08,2026-10-10,94
269,V2,4.1,6.7,summer,13,229.8,67.7,25.8,82.5,7.9,23,266.7,2026-10-10,2026-10-12,94
270,M5,9.6,0.6,monsoon,5,24.9,65.1,18.1,73.0,7.7,15,23.8,2026-10-02,2026-10-04,92
271,S36,4.4,5.3,monsoon,14,229.7,84.4,21.9,53.5,16.1,7,186.1,2026-09-24,2026-09-26,90
272,V1,2.9,2.0,normal,25,97.4,91.0,20.6,75.8,1.1,10,79.5,2026-09-27,2026-09-29,92
273,M5,7.1,1.6,winter,30,68.0,83.4,33.7,78.5,10.2,16,69.6,2026-10-03,2026-10-05,92
274,V2,4.7,6.3,normal,9,215.7,67.5,21.5,73.5,18.4,30,227.5,2026-10-17,2026-10-19,92
275,V1,7.4,7.2,summer,40,259.9,98,23.2,87.0,7.8,0,261.8,2026-09-17,2026-09-19,90
276,M5,1.8,4.3,summer,26,202.3,86.7,28.0,76.1,18.8,7,189.4,2026-09-24,2026-09-26,94
277,S36,4.7,1.8,monsoon,25,68.9,98,22.6,57.4,2.7,0,64.8,2026-09-17,2026-09-19,90
278,V1,9.8,2.9,winter,40,129.3,93.1,28.9,53.2,10.6,3,108.4,2026-09-20,2026-09-22,92
279,S36,5.4,3.1,winter,53,,92.6,28.0,51.5,1.8,1,103.0,2026-09-18,2026-09-20,87
280,S36,3.9,5.9,summer,29,198.3,93.0,34.2,78.9,6.6,1,202.4,2026-09-18,2026-09-20,92
281,S36,0.9,4.8,monsoon,35,189.6,98,19.1,57.1,2.0,1,138.8,2026-09-18,2026-09-20,90
282,M5,9.5,2.1,normal,13,104.6,70.3,22.4,64.3,1.5,25,84.7,2026-10-12,2026-10-14,92
283,M5,9.3,5.0,summer,27,193.5,88.4,22.0,85.4,7.0,3,182.6,2026-09-20,2026-09-22,90
284,V1,1.4,5.4,summer,36,266.6,98,26.4,86.1,12.0,0,214.6,2026-09-17,2026-09-19,92
285,V1,4.5,2.4,monsoon,21,,93.9,23.2,45.3,13.6,1,82.4,2026-09-18,2026-09-20,85
286,M5,4.4,1.3,normal,40,53.2,92.1,23.1,85.2,5.5,1,50.2,2026-09-18,2026-09-20,90
287,V2,2.2,4.7,normal,22,,74.8,26.0,51.5,19.9,11,167.8,2026-09-28,2026-09-30,87
288,S36,1.5,4.3,winter,42,131.1,86.8,31.9,78.2,1.8,5,147.7,2026-09-22,2026-09-24,94
289,V2,9.3,3.8,summer,17,139.0,72.5,32.5,88.7,5.1,16,119.5,2026-10-03,2026-10-05,90
290,V2,4.7,2.0,winter,5,85.6,63.6,33.7,69.0,12.0,38,72.4,2026-10-25,2026-10-27,92
291,S36,1.3,2.6,normal,45,,93.8,28.4,79.6,0.7,0,91.6,2026-09-17,2026-09-19,89
292,M5,3.8,6.6,monsoon,32,250.2,98,36.6,72.0,3.0,0,259.6,2026-09-17,2026-09-19,92
293,V1,8.1,7.7,winter,27,334.6,71.7,33.1,90.2,6.1,19,278.9,2026-10-06,2026-10-08,90
294,S36,6.9,2.2,winter,25,70.0,74.1,28.3,45.5,17.8,22,75.5,2026-10-09,2026-10-11,92
295,S36,5.0,3.2,winter,50,107.3,94.4,28.0,54.4,13.3,0,117.6,2026-09-17,2026-09-19,92
296,M5,2.0,1.3,summer,42,55.5,90.0,18.1,85.3,31.7,0,50.7,2026-09-17,2026-09-19,90
297,V2,2.2,6.2,winter,17,,69.8,28.5,64.9,28.1,29,227.8,2026-10-16,2026-10-18,89
298,S36,4.8,1.4,normal,47,,95.9,18.2,76.7,4.8,0,47.4,2026-09-17,2026-09-19,87
299,M5,2.8,4.0,winter,14,157.0,64.7,32.0,62.5,19.3,30,175.5,2026-10-17,2026-10-19,94
300,S36,8.2,5.9,monsoon,27,180.2,98,21.9,82.6,13.4,0,200.2,2026-09-17,2026-09-19,92
301,M5,8.0,2.8,summer,9,117.7,65.1,34.3,67.4,9.9,25,112.6,2026-10-12,2026-10-14,92
302,M5,3.8,3.6,winter,64,193.1,96.7,30.1,72.1,10.5,0,168.2,2026-09-17,2026-09-19,94
303,V2,7.9,3.9,summer,42,164.2,96.7,20.9,52.9,16.5,1,136.0,2026-09-18,2026-09-20,90
304,M5,2.7,2.9,winter,41,123.4,97.8,30.9,57.7,5.9,4,117.8,2026-09-21,2026-09-23,92
305,S36,2.2,0.7,monsoon,8,,70.5,19.9,89.0,6.4,14,20.8,2026-10-01,2026-10-03,85
306,S36,1.3,7.5,normal,17,,78.9,22.9,58.4,9.8,16,224.6,2026-10-03,2026-10-05,85
307,M5,8.7,4.0,winter,31,207.2,87.3,28.8,72.8,6.1,17,180.0,2026-10-04,2026-10-06,94
308,M5,9.1,4.1,monsoon,31,,98,24.2,64.4,1.7,1,176.5,2026-09-18,2026-09-20,89
309,S36,3.8,4.0,summer,33,133.1,90.6,34.0,73.1,15.9,3,132.8,2026-09-20,2026-09-22,92
310,V2,8.4,2.2,summer,43,94.5,98,22.8,80.9,24.1,0,82.4,2026-09-17,2026-09-19,92
311,M5,4.4,6.9,monsoon,21,267.3,98,27.1,77.9,6.8,1,283.0,2026-09-18,2026-09-20,94
312,V1,3.2,1.4,normal,17,65.5,80.5,19.8,45.7,2.4,13,56.5,2026-09-30,2026-10-02,90
313,M5,1.3,6.1,monsoon,11,310.5,79.7,27.4,54.0,18.4,6,265.3,2026-09-23,2026-09-25,92
314,V2,7.8,3.8,summer,32,145.3,94.8,32.7,49.4,11.0,0,135.2,2026-09-17,2026-09-19,90
315,V1,2.9,5.3,monsoon,6,202.7,67.3,20.3,74.7,3.9,16,191.6,2026-10-03,2026-10-05,92
316,V1,6.0,5.7,monsoon,8,284.4,66.8,23.0,68.5,11.6,16,230.5,2026-10-03,2026-10-05,92
317,S36,7.2,6.4,monsoon,17,196.6,80.1,30.9,61.3,22.2,8,224.5,2026-09-25,2026-09-27,94
318,S36,2.9,0.8,normal,21,28.3,81.8,28.9,68.0,8.4,17,28.2,2026-10-04,2026-10-06,94
319,S36,1.2,1.7,winter,37,,88.5,30.8,62.8,2.1,7,60.1,2026-09-24,2026-09-26,89
320,S36,3.5,1.0,normal,36,36.6,98,31.7,81.0,1.7,0,35.7,2026-09-17,2026-09-19,94
321,V1,0.9,7.5,monsoon,9,330.6,77.0,18.6,75.2,4.9,10,235.2,2026-09-27,2026-09-29,92
322,V1,0.6,7.4,normal,32,300.4,97.9,34.0,47.9,8.2,0,221.0,2026-09-17,2026-09-19,90
323,V1,7.5,6.8,summer,36,299.9,98,28.6,53.9,7.5,0,275.5,2026-09-17,2026-09-19,92
324,V1,7.8,4.8,normal,30,188.5,88.7,35.7,52.8,2.0,9,181.8,2026-09-26,2026-09-28,90
325,M5,5.7,8.0,winter,51,367.2,93.0,24.5,56.3,7.9,1,356.4,2026-09-18,2026-09-20,92
326,V2,9.6,0.5,summer,41,,92.4,18.3,51.3,22.1,0,15.4,2026-09-17,2026-09-19,85
327,M5,9.2,4.3,monsoon,5,178.0,63.3,23.3,86.8,2.9,15,165.1,2026-10-02,2026-10-04,90
328,M5,8.0,1.8,summer,5,,61.8,32.6,72.1,0.8,27,73.4,2026-10-14,2026-10-16,87
329,V2,9.3,1.4,monsoon,23,,98,24.1,46.9,7.8,1,45.9,2026-09-18,2026-09-20,87
330,V2,9.7,6.1,summer,30,,89.8,23.8,63.5,1.4,2,204.3,2026-09-19,2026-09-21,87
331,M5,1.3,4.3,monsoon,33,173.9,93.7,31.0,54.2,9.6,0,162.9,2026-09-17,2026-09-19,92
332,V1,1.6,3.6,winter,15,180.7,66.6,24.4,72.9,0.2,31,154.9,2026-10-18,2026-10-20,94
333,V2,6.4,3.8,monsoon,26,130.6,98,19.7,79.8,2.8,0,135.4,2026-09-17,2026-09-19,92
334,V1,3.4,4.0,winter,50,166.9,98,28.8,54.6,7.4,1,164.6,2026-09-18,2026-09-20,92
335,V1,4.1,7.3,summer,13,253.4,73.7,31.9,57.8,6.3,20,283.0,2026-10-07,2026-10-09,92
336,M5,8.7,0.6,normal,27,28.0,88.7,28.2,78.4,23.4,5,25.3,2026-09-22,2026-09-24,94
337,V2,5.8,5.8,summer,36,213.7,96.4,32.9,45.9,11.5,1,191.7,2026-09-18,2026-09-20,90
338,V2,9.0,6.6,summer,17,,80.6,21.0,87.2,10.7,15,221.9,2026-10-02,2026-10-04,85
339,S36,4.5,4.8,normal,41,208.9,95.6,22.1,51.5,7.8,0,183.3,2026-09-17,2026-09-19,90
340,V2,10.0,7.8,monsoon,23,354.4,98,19.4,70.0,12.7,0,291.9,2026-09-17,2026-09-19,92
341,V2,9.6,2.8,winter,52,117.0,98,18.5,91.3,9.6,1,93.6,2026-09-18,2026-09-20,90
342,V2,1.8,6.8,normal,26,242.2,83.0,21.7,63.2,6.4,14,224.7,2026-10-01,2026-10-03,92
343,M5,9.5,2.2,monsoon,7,114.3,72.7,26.8,74.0,11.6,14,95.8,2026-10-01,2026-10-03,94
344,V1,6.3,6.7,winter,42,304.4,98,36.8,71.9,7.7,3,270.6,2026-09-20,2026-09-22,92
345,V1,8.8,2.3,normal,38,107.2,92.8,37.3,53.9,5.8,0,86.2,2026-09-17,2026-09-19,90
346,V1,7.1,7.3,normal,31,355.0,90.4,19.8,68.5,2.0,10,294.3,2026-09-27,2026-09-29,92
347,V2,0.7,3.9,monsoon,8,,67.8,36.1,82.4,12.7,16,103.4,2026-10-03,2026-10-05,87
348,V1,5.5,3.4,monsoon,38,151.9,98,25.6,81.1,24.3,0,140.8,2026-09-17,2026-09-19,94
349,S36,2.2,5.8,normal,22,176.6,79.6,23.8,53.5,22.9,12,171.4,2026-09-29,2026-10-01,90
350,V1,6.3,4.2,monsoon,32,179.7,87.9,26.2,48.7,9.2,1,175.7,2026-09-18,2026-09-20,92
351,S36,1.0,1.6,winter,12,,70.6,34.8,59.0,25.3,28,45.3,2026-10-15,2026-10-17,85
352,S36,9.7,6.1,winter,8,255.8,58.3,33.4,60.2,22.8,33,204.2,2026-10-20,2026-10-22,92
353,V1,7.1,2.6,normal,16,108.5,70.0,20.2,79.3,9.9,23,105.6,2026-10-10,2026-10-12,92
354,M5,4.6,6.9,winter,39,312.9,82.3,37.9,61.6,1.4,10,301.3,2026-09-27,2026-09-29,92
355,S36,7.2,7.8,summer,4,242.5,53.6,32.7,54.7,9.6,25,239.2,2026-10-12,2026-10-14,90
356,S36,7.1,2.4,summer,22,85.4,84.1,28.1,60.2,0.1,11,89.8,2026-09-28,2026-09-30,94
357,V1,8.4,2.0,winter,33,85.2,87.6,30.9,67.6,9.9,17,80.8,2026-10-04,2026-10-06,94
358,V2,9.3,0.9,winter,49,33.6,91.4,31.6,71.1,0.2,0,31.6,2026-09-17,2026-09-19,94
359,S36,3.2,0.7,normal,37,28.8,94.9,25.8,73.0,20.0,3,27.3,2026-09-20,2026-09-22,94
360,M5,4.4,4.2,monsoon,31,179.5,93.6,34.6,59.2,7.4,0,172.1,2026-09-17,2026-09-19,90
361,V1,8.1,7.3,monsoon,24,346.1,98,28.5,81.5,1.5,1,314.1,2026-09-18,2026-09-20,94
362,S36,2.4,0.8,normal,10,25.4,62.5,18.1,88.8,11.6,28,25.3,2026-10-15,2026-10-17,90
363,M5,0.7,6.2,monsoon,15,,82.2,24.4,65.7,1.3,8,184.8,2026-09-25,2026-09-27,89
364,V1,2.5,3.1,winter,12,120.4,68.9,36.9,82.8,8.5,32,110.1,2026-10-19,2026-10-21,92
365,V1,5.0,5.6,summer,6,230.1,65.5,32.1,86.9,9.9,28,215.4,2026-10-15,2026-10-17,90
366,V1,9.7,6.2,normal,11,,68.3,19.9,82.7,12.0,28,221.9,2026-10-15,2026-10-17,87
367,V2,5.0,7.6,monsoon,26,246.9,93.2,31.3,82.1,21.4,0,275.3,2026-09-17,2026-09-19,94
368,V2,4.9,1.8,winter,39,67.0,90.7,20.5,49.8,17.0,11,61.0,2026-09-28,2026-09-30,90
369,V2,2.8,2.3,monsoon,27,86.2,98,31.9,65.3,39.2,1,84.4,2026-09-18,2026-09-20,94
370,V1,7.5,5.8,normal,40,224.9,98,29.9,60.3,1.0,0,224.5,2026-09-17,2026-09-19,94
371,V1,7.0,5.0,normal,34,236.0,93.0,22.4,51.5,8.7,0,193.9,2026-09-17,2026-09-19,90
372,V2,2.4,5.6,winter,39,243.5,89.3,33.9,76.9,25.1,5,214.6,2026-09-22,2026-09-24,92
373,V2,8.6,6.9,summer,38,224.2,98,29.2,91.0,1.2,0,236.4,2026-09-17,2026-09-19,92
374,M5,7.3,3.5,normal,16,184.2,71.8,31.2,67.3,2.1,22,158.9,2026-10-09,2026-10-11,94
375,S36,1.8,1.0,summer,34,44.0,92.1,20.7,51.4,16.4,1,33.2,2026-09-18,2026-09-20,90
376,V2,5.7,3.9,winter,14,169.2,58.9,26.5,45.3,6.9,29,152.8,2026-10-16,2026-10-18,92
377,M5,0.8,0.8,normal,10,39.6,57.5,19.6,79.3,7.5,25,27.0,2026-10-12,2026-10-14,92
378,V1,2.8,5.2,summer,42,219.5,93.1,19.1,61.1,15.1,0,197.0,2026-09-17,2026-09-19,92
379,M5,9.6,6.5,winter,5,301.6,57.9,24.1,81.9,3.0,38,262.4,2026-10-25,2026-10-27,94
380,M5,8.2,5.2,winter,8,244.8,56.7,20.5,48.6,15.3,39,198.3,2026-10-26,2026-10-28,90
381,S36,9.1,6.0,normal,14,190.1,70.6,27.7,82.6,19.8,20,205.1,2026-10-07,2026-10-09,94
382,S36,8.5,6.1,normal,18,263.5,81.2,31.2,79.1,1.8,17,234.6,2026-10-04,2026-10-06,94
383,V1,1.0,4.0,normal,33,144.2,93.7,28.7,62.9,12.2,1,140.5,2026-09-18,2026-09-20,94
384,V2,4.1,2.9,summer,37,132.6,91.3,30.7,89.9,5.7,0,117.5,2026-09-17,2026-09-19,92
385,M5,6.7,3.4,monsoon,36,123.1,94.8,21.6,70.7,11.2,0,137.7,2026-09-17,2026-09-19,92
386,M5,2.6,2.6,monsoon,3,103.7,66.9,30.4,47.7,9.0,16,106.6,2026-10-03,2026-10-05,92
387,V1,1.3,5.0,normal,51,207.2,98,37.3,87.1,11.9,0,176.3,2026-09-17,2026-09-19,90
388,V2,7.1,5.5,winter,13,263.6,63.8,33.6,58.0,0.6,31,211.4,2026-10-18,2026-10-20,90
389,V2,9.8,2.0,normal,44,86.9,95.8,33.4,55.3,10.3,0,67.0,2026-09-17,2026-09-19,90
390,V2,0.7,4.2,summer,27,169.0,93.7,23.3,77.9,23.5,1,124.9,2026-09-18,2026-09-20,92
391,V1,5.6,0.5,normal,39,22.2,85.9,24.7,59.2,0.6,0,21.4,2026-09-17,2026-09-19,92
392,V1,8.5,6.2,winter,15,280.8,64.3,21.5,46.8,4.8,34,222.2,2026-10-21,2026-10-23,90
393,V2,7.5,1.5,monsoon,26,71.2,98,25.8,82.3,10.3,0,65.2,2026-09-17,2026-09-19,94
394,V1,0.9,0.9,summer,10,43.4,66.7,22.2,75.7,7.4,25,29.7,2026-10-12,2026-10-14,92
395,V1,0.9,1.6,summer,42,75.1,98,20.6,53.1,0.5,0,49.9,2026-09-17,2026-09-19,90
396,V1,1.6,5.0,monsoon,15,195.2,88.3,26.5,83.1,40.3,5,179.0,2026-09-22,2026-09-24,89
397,S36,7.8,4.9,winter,10,192.3,63.7,21.4,62.4,1.8,30,175.0,2026-10-17,2026-10-19,92
398,V2,7.9,0.6,normal,3,21.9,65.5,18.1,88.5,12.3,29,21.4,2026-10-16,2026-10-18,90
399,S36,1.9,2.5,normal,18,99.8,80.1,18.8,53.5,6.9,18,78.0,2026-10-05,2026-10-07,90
400,V1,9.9,7.8,winter,35,287.5,82.1,22.4,81.2,10.8,12,286.7,2026-09-29,2026-10-01,92
401,V2,5.2,1.7,summer,26,,91.2,24.7,82.8,14.2,3,63.7,2026-09-20,2026-09-22,89
402,S36,2.0,0.7,summer,18,28.5,84.0,32.4,72.9,3.9,11,23.1,2026-09-28,2026-09-30,92
403,S36,1.4,6.0,monsoon,17,198.6,88.1,19.1,65.5,2.4,7,191.7,2026-09-24,2026-09-26,92
404,M5,9.8,2.0,monsoon,25,87.1,98,29.4,58.2,1.2,0,75.9,2026-09-17,2026-09-19,92
405,S36,8.0,5.3,monsoon,8,162.3,66.1,35.2,55.2,6.4,13,161.5,2026-09-30,2026-10-02,90
406,S36,9.0,4.9,monsoon,16,151.5,93.1,37.6,46.9,6.4,3,152.4,2026-09-20,2026-09-22,90
407,V1,4.8,2.3,summer,16,104.5,76.1,31.0,49.3,6.5,19,91.5,2026-10-06,2026-10-08,92
408,V2,4.9,1.5,normal,26,57.2,90.0,30.5,78.1,0.0,7,58.2,2026-09-24,2026-09-26,94
409,V1,3.3,6.1,monsoon,24,,97.9,36.9,76.7,21.9,0,213.0,2026-09-17,2026-09-19,87
410,M5,2.2,4.7,summer,11,248.7,67.9,37.6,56.2,1.2,21,202.3,2026-10-08,2026-10-10,90
411,S36,3.5,7.2,normal,6,293.1,65.5,27.7,69.8,1.3,29,286.4,2026-10-16,2026-10-18,94
412,V2,6.4,6.5,summer,32,216.0,97.7,19.7,63.4,2.0,0,233.0,2026-09-17,2026-09-19,92
413,V2,1.9,2.0,summer,29,73.3,96.2,20.6,61.3,5.9,2,69.4,2026-09-19,2026-09-21,92
414,M5,4.4,3.1,winter,40,143.3,88.1,31.3,69.9,8.0,7,136.2,2026-09-24,2026-09-26,94
415,M5,2.7,3.3,winter,12,176.6,64.3,21.3,88.4,12.4,29,135.6,2026-10-16,2026-10-18,90
416,S36,1.6,8.0,monsoon,19,362.1,88.9,25.4,54.6,12.3,5,288.9,2026-09-22,2026-09-24,92
417,S36,5.6,1.4,summer,34,53.4,96.1,36.6,52.3,35.1,1,48.1,2026-09-18,2026-09-20,90
418,S36,8.1,6.0,normal,47,193.1,88.3,20.2,67.5,0.4,0,203.1,2026-09-17,2026-09-19,92
419,V2,3.9,2.9,monsoon,20,111.1,93.7,35.0,76.8,31.6,1,107.0,2026-09-18,2026-09-20,92
420,M5,4.3,5.9,normal,27,305.3,87.4,25.5,58.4,4.3,7,270.9,2026-09-24,2026-09-26,92
421,V2,8.1,2.7,normal,11,100.9,70.0,20.9,59.3,44.6,26,91.1,2026-10-13,2026-10-15,85
422,V2,2.2,4.0,monsoon,14,147.3,77.0,34.6,58.6,6.7,8,132.1,2026-09-25,2026-09-27,90
423,V1,8.0,1.7,winter,56,75.5,96.7,31.3,58.5,2.0,0,64.9,2026-09-17,2026-09-19,92
424,V1,6.2,3.2,normal,30,113.9,84.2,35.4,74.5,6.5,10,115.9,2026-09-27,2026-09-29,92
425,M5,2.0,0.9,winter,59,33.2,96.7,19.1,62.0,10.1,0,35.5,2026-09-17,2026-09-19,92
426,S36,7.8,1.9,summer,37,65.6,94.5,24.5,59.9,18.6,1,63.4,2026-09-18,2026-09-20,92
427,M5,8.3,0.6,winter,52,23.6,94.4,36.2,49.8,1.7,1,23.0,2026-09-18,2026-09-20,90
428,V1,4.5,7.4,summer,4,359.3,60.7,27.6,59.6,4.5,27,325.0,2026-10-14,2026-10-16,92
429,S36,7.2,0.7,summer,11,,70.6,22.5,50.9,1.4,21,20.9,2026-10-08,2026-10-10,85
430,V2,7.7,0.8,summer,35,,96.3,29.9,67.0,23.9,0,31.8,2026-09-17,2026-09-19,89
431,V1,7.9,7.4,monsoon,14,292.4,81.2,20.9,80.1,3.2,8,286.9,2026-09-25,2026-09-27,92
432,V1,1.4,4.8,summer,15,,73.5,37.3,53.1,14.0,17,147.7,2026-10-04,2026-10-06,85
433,V2,4.0,4.9,normal,9,,65.6,25.6,55.1,2.6,31,168.4,2026-10-18,2026-10-20,87
434,S36,5.2,3.2,winter,49,126.5,98,18.8,60.4,1.2,0,120.7,2026-09-17,2026-09-19,92
435,S36,5.8,2.7,normal,7,109.7,69.2,36.8,62.3,0.1,26,99.8,2026-10-13,2026-10-15,92
436,V1,1.6,3.5,summer,7,141.4,59.9,25.3,54.4,2.2,22,135.0,2026-10-09,2026-10-11,92
437,M5,7.8,6.2,winter,63,308.9,94.3,30.1,64.0,6.6,0,271.7,2026-09-17,2026-09-19,94
438,V2,5.2,5.2,monsoon,6,,71.0,32.8,84.0,6.9,11,193.3,2026-09-28,2026-09-30,87
439,S36,3.4,5.2,summer,32,201.3,93.3,27.8,57.3,4.2,2,198.4,2026-09-19,2026-09-21,92
440,V1,4.1,2.9,normal,32,140.5,95.2,18.7,53.3,10.8,4,115.2,2026-09-21,2026-09-23,90
441,V2,7.8,4.8,normal,38,191.6,90.9,27.5,85.2,7.1,2,177.7,2026-09-19,2026-09-21,92
442,M5,3.5,0.7,summer,26,29.5,84.9,25.0,79.9,0.3,3,30.3,2026-09-20,2026-09-22,94
443,M5,4.4,0.9,monsoon,18,32.7,86.1,36.2,48.1,3.6,3,33.3,2026-09-20,2026-09-22,90
444,V2,3.0,5.7,summer,27,245.4,83.4,29.4,60.2,1.0,5,223.7,2026-09-22,2026-09-24,94
445,M5,2.1,2.7,normal,34,111.6,89.1,19.5,85.0,2.4,1,102.4,2026-09-18,2026-09-20,92
446,V1,7.3,4.8,winter,7,167.5,53.2,29.3,70.0,5.6,37,189.8,2026-10-24,2026-10-26,94
447,M5,4.6,4.5,monsoon,28,203.8,98.0,31.4,70.7,21.3,0,204.4,2026-09-17,2026-09-19,94
448,S36,6.8,6.7,normal,43,261.3,98,28.7,73.9,14.7,1,245.6,2026-09-18,2026-09-20,94
449,S36,4.0,1.6,monsoon,30,55.6,91.3,36.2,74.8,18.7,0,55.5,2026-09-17,2026-09-19,92
450,V2,2.8,1.6,summer,22,52.1,87.6,27.3,71.3,5.7,8,57.1,2026-09-25,2026-09-27,94
451,V1,3.0,6.5,monsoon,33,225.3,96.8,19.1,87.1,3.8,0,240.7,2026-09-17,2026-09-19,90
452,V2,9.5,5.9,monsoon,10,243.6,67.2,29.4,68.5,1.3,12,216.6,2026-09-29,2026-10-01,94
453,V1,2.8,1.4,winter,56,,94.6,33.0,56.1,5.5,0,45.6,2026-09-17,2026-09-19,85
454,V1,5.2,3.3,summer,37,162.8,96.0,26.5,77.1,33.1,0,138.7,2026-09-17,2026-09-19,94
455,M5,0.7,7.8,summer,18,355.9,80.6,30.8,77.9,23.3,9,287.4,2026-09-26,2026-09-28,94
456,V2,0.6,7.7,winter,8,266.1,66.2,36.7,80.6,3.5,36,226.7,2026-10-23,2026-10-25,92
457,V2,8.0,2.6,summer,33,,92.0,24.7,64.9,25.1,1,102.6,2026-09-18,2026-09-20,89
458,V1,3.8,5.0,winter,47,234.4,85.9,18.5,47.4,10.3,0,184.5,2026-09-17,2026-09-19,90
459,V1,1.6,2.4,monsoon,23,92.0,85.6,20.7,53.2,9.0,0,83.7,2026-09-17,2026-09-19,90
460,S36,0.7,0.7,monsoon,32,25.8,98,22.0,78.0,1.8,0,20.1,2026-09-17,2026-09-19,92
461,S36,9.5,1.4,normal,46,58.4,95.1,22.1,89.5,16.8,0,46.5,2026-09-17,2026-09-19,90
462,M5,7.4,1.9,monsoon,12,76.9,75.1,18.6,90.9,2.7,13,70.5,2026-09-30,2026-10-02,90
463,S36,8.8,7.8,normal,16,,69.6,32.7,57.0,1.0,24,237.6,2026-10-11,2026-10-13,85
464,V1,0.6,4.3,normal,28,,81.8,31.4,51.2,22.3,5,116.1,2026-09-22,2026-09-24,87
465,M5,8.8,1.5,winter,30,74.2,81.3,18.9,51.0,20.5,18,60.8,2026-10-05,2026-10-07,90
466,M5,5.4,3.8,monsoon,34,191.4,98,33.3,52.1,19.2,0,149.8,2026-09-17,2026-09-19,90
467,V2,3.0,5.8,normal,34,266.0,98,32.2,67.8,6.8,0,215.3,2026-09-17,2026-09-19,92
468,M5,2.2,1.8,winter,60,,98,31.3,55.0,62.2,1,64.2,2026-09-18,2026-09-20,82
469,V2,6.9,7.2,summer,46,233.7,98,25.5,88.7,1.1,0,267.6,2026-09-17,2026-09-19,92
470,V2,6.5,2.5,summer,5,109.4,60.8,31.1,89.7,3.9,29,99.7,2026-10-16,2026-10-18,92
471,M5,3.6,0.9,summer,8,35.0,62.4,37.3,85.7,0.9,26,34.9,2026-10-13,2026-10-15,90
472,V1,3.3,6.5,winter,41,271.9,89.3,20.6,76.3,17.8,9,253.0,2026-09-26,2026-09-28,92
473,V2,1.4,3.7,winter,14,159.0,62.6,18.8,61.1,6.2,34,136.4,2026-10-21,2026-10-23,92
474,V1,3.3,3.8,normal,12,155.0,70.8,37.7,77.2,3.6,23,136.9,2026-10-10,2026-10-12,92
475,V1,5.4,4.3,normal,32,152.7,93.5,23.1,57.0,0.9,1,161.2,2026-09-18,2026-09-20,90
476,V1,1.3,7.1,winter,40,279.3,86.2,32.5,80.6,6.0,4,241.7,2026-09-21,2026-09-23,92
477,M5,8.8,1.3,summer,28,60.9,96.8,27.5,77.5,20.3,0,55.2,2026-09-17,2026-09-19,94
478,M5,7.1,7.7,normal,8,,66.1,20.5,45.7,1.2,25,302.9,2026-10-12,2026-10-14,85
479,S36,4.6,5.2,monsoon,22,193.3,98,26.4,50.5,23.3,0,193.5,2026-09-17,2026-09-19,92
480,S36,2.4,4.8,normal,24,207.8,84.8,18.2,74.6,12.5,7,176.4,2026-09-24,2026-09-26,92
481,M5,0.9,3.5,normal,48,182.0,98,29.5,71.0,3.1,0,131.7,2026-09-17,2026-09-19,94
482,M5,4.8,3.8,monsoon,15,183.7,82.6,27.4,65.6,7.1,8,180.8,2026-09-25,2026-09-27,94
483,V2,1.7,2.7,normal,46,116.2,95.8,27.4,90.6,1.8,0,96.9,2026-09-17,2026-09-19,92
484,S36,2.0,4.2,normal,22,144.3,75.7,22.7,71.2,72.1,16,136.7,2026-10-03,2026-10-05,87
485,V1,8.2,3.0,summer,10,128.9,63.6,37.9,81.9,14.7,20,121.7,2026-10-07,2026-10-09,92
486,V1,7.2,7.4,normal,51,366.4,96.2,20.2,50.0,9.4,1,286.0,2026-09-18,2026-09-20,90
487,S36,9.2,1.7,winter,51,,91.5,20.0,75.4,4.1,0,53.0,2026-09-17,2026-09-19,87
488,V1,2.8,6.6,winter,35,291.6,86.6,21.4,57.5,12.6,8,243.0,2026-09-25,2026-09-27,90
489,S36,1.8,3.7,normal,36,165.6,95.0,18.6,51.8,0.1,0,128.3,2026-09-17,2026-09-19,90
490,V2,1.1,6.2,monsoon,23,240.0,94.4,37.6,82.6,20.9,1,223.3,2026-09-18,2026-09-20,92
491,M5,9.1,0.6,winter,42,28.6,95.4,26.9,54.6,7.9,7,25.3,2026-09-24,2026-09-26,92
492,V2,7.9,7.1,summer,37,,95.0,24.7,79.1,13.5,1,265.5,2026-09-18,2026-09-20,89
493,V1,5.4,2.8,winter,13,114.0,73.7,28.8,57.2,17.9,38,104.3,2026-10-25,2026-10-27,92
494,M5,3.0,4.3,summer,10,173.1,70.5,27.0,71.9,0.1,19,191.2,2026-10-06,2026-10-08,94
495,S36,3.8,2.6,monsoon,36,84.8,97.9,28.3,54.1,15.1,0,87.3,2026-09-17,2026-09-19,92
496,V1,4.5,1.5,monsoon,7,60.3,64.3,25.4,69.7,8.9,18,62.7,2026-10-05,2026-10-07,94
497,V2,10.0,5.7,normal,13,193.2,70.7,32.2,51.1,12.2,22,168.0,2026-10-09,2026-10-11,90
498,M5,9.3,1.4,normal,10,,69.5,25.4,58.6,7.4,21,53.9,2026-10-08,2026-10-10,87
499,V2,0.8,1.6,normal,22,73.5,86.5,34.4,68.0,1.3,8,49.9,2026-09-25,2026-09-27,92
500,V2,9.1,6.4,normal,11,250.8,64.5,33.2,68.7,6.2,29,229.7,2026-10-16,2026-10-18,92
501,V2,4.2,7.3,winter,5,300.4,67.3,32.7,75.4,20.1,44,278.1,2026-10-31,2026-11-02,92
502,V1,2.3,5.1,summer,33,253.8,95.4,28.1,45.9,10.7,0,205.4,2026-09-17,2026-09-19,92
503,V2,1.3,4.5,winter,40,166.9,97.4,18.5,65.5,5.4,6,157.2,2026-09-23,2026-09-25,92
504,S36,3.2,1.9,summer,22,63.0,86.6,37.0,76.9,0.6,9,61.6,2026-09-26,2026-09-28,92
505,M5,1.9,7.2,winter,55,324.6,98,22.8,73.1,2.7,0,280.4,2026-09-17,2026-09-19,92
506,V2,1.1,0.7,monsoon,11,29.7,78.7,29.1,72.6,1.1,6,25.9,2026-09-23,2026-09-25,94
507,V2,4.7,6.8,monsoon,26,222.1,95.7,22.9,89.8,32.5,0,221.2,2026-09-17,2026-09-19,90
508,V1,9.4,4.1,winter,27,157.1,76.0,38.0,84.6,2.4,22,149.5,2026-10-09,2026-10-11,92
509,M5,1.4,5.7,monsoon,30,305.7,98,34.0,86.5,29.1,1,236.4,2026-09-18,2026-09-20,90
510,M5,2.5,7.7,winter,47,,98,20.7,88.3,9.4,0,297.2,2026-09-17,2026-09-19,85
511,V2,7.7,4.5,summer,31,199.3,96.2,34.3,83.9,4.4,1,169.9,2026-09-18,2026-09-20,92
512,M5,9.4,3.8,monsoon,27,,94.7,23.6,88.3,4.4,1,131.3,2026-09-18,2026-09-20,85
513,V2,9.7,0.8,normal,16,27.8,82.9,30.8,50.2,3.2,22,27.4,2026-10-09,2026-10-11,92
514,S36,1.1,1.5,summer,19,51.9,80.8,36.7,85.2,21.3,12,46.6,2026-09-29,2026-10-01,90
515,M5,7.0,7.1,summer,44,271.2,95.3,35.1,60.2,18.6,1,281.5,2026-09-18,2026-09-20,92
516,V1,8.9,2.2,winter,37,,82.0,27.0,45.2,2.2,10,87.3,2026-09-27,2026-09-29,87
517,S36,9.8,3.7,summer,15,145.8,76.1,30.5,49.5,6.5,17,132.2,2026-10-04,2026-10-06,92
518,S36,1.5,2.3,winter,55,91.6,98,24.7,82.3,28.7,0,83.9,2026-09-17,2026-09-19,94
519,V1,1.3,1.0,summer,23,,86.8,33.7,47.9,16.2,12,32.3,2026-09-29,2026-10-01,85
520,V1,3.3,3.4,summer,17,140.8,71.1,35.3,82.0,9.8,17,135.4,2026-10-04,2026-10-06,92
521,M5,6.7,5.6,summer,36,221.1,94.9,20.1,73.0,0.7,1,223.3,2026-09-18,2026-09-20,92
522,M5,4.5,5.9,normal,18,266.9,79.8,20.8,47.1,1.4,15,248.5,2026-10-02,2026-10-04,90
523,S36,1.9,2.8,winter,26,108.9,83.4,31.2,51.8,2.7,17,93.7,2026-10-04,2026-10-06,92
524,S36,6.6,2.0,summer,15,70.9,72.3,31.4,77.7,40.1,19,70.5,2026-10-06,2026-10-08,89
525,M5,4.5,1.7,normal,34,83.7,98,22.5,55.8,9.8,0,70.9,2026-09-17,2026-09-19,90
526,V1,3.9,1.1,summer,12,37.8,71.9,23.8,54.1,8.8,16,36.8,2026-10-03,2026-10-05,90
527,M5,7.3,3.0,monsoon,15,150.5,92.6,36.2,46.0,11.3,4,121.9,2026-09-21,2026-09-23,90
528,M5,8.2,5.5,normal,10,235.4,68.9,20.9,88.4,15.8,21,211.7,2026-10-08,2026-10-10,90
529,V1,7.7,4.9,winter,23,204.9,77.0,23.6,50.9,7.1,20,179.8,2026-10-07,2026-10-09,90
530,V1,2.1,3.4,winter,36,155.1,91.3,27.3,60.1,4.7,11,139.0,2026-09-28,2026-09-30,94
531,V2,6.6,6.4,summer,17,220.9,80.4,22.7,55.3,5.5,14,217.2,2026-10-01,2026-10-03,90
532,M5,4.7,3.1,summer,35,156.5,92.3,30.4,65.0,6.3,0,141.5,2026-09-17,2026-09-19,94
533,V1,2.2,2.3,summer,8,81.9,63.4,28.9,48.7,3.2,25,79.1,2026-10-12,2026-10-14,92
534,S36,6.9,2.4,winter,48,92.8,98,30.1,51.5,19.3,0,83.7,2026-09-17,2026-09-19,92
535,M5,7.9,3.5,normal,51,140.3,95.5,28.3,80.8,1.6,1,144.1,2026-09-18,2026-09-20,94
536,S36,5.4,6.4,normal,24,262.5,77.2,33.8,59.7,2.1,12,217.8,2026-09-29,2026-10-01,90
537,S36,6.0,1.5,summer,45,57.9,98,26.4,77.2,5.2,0,57.8,2026-09-17,2026-09-19,94
538,V1,9.3,1.7,winter,43,68.0,87.0,34.0,87.9,8.5,6,57.5,2026-09-23,2026-09-25,90
539,M5,5.9,3.9,winter,13,145.3,71.7,18.6,77.4,6.7,28,150.0,2026-10-15,2026-10-17,92
540,V1,4.8,3.3,summer,23,,88.8,35.2,64.3,1.7,8,130.3,2026-09-25,2026-09-27,87
541,V2,9.6,7.0,monsoon,22,280.3,91.2,27.5,73.4,28.0,1,258.7,2026-09-18,2026-09-20,94
542,S36,0.6,1.6,summer,41,59.8,98,34.2,69.7,24.1,1,42.7,2026-09-18,2026-09-20,92
543,V2,3.8,6.8,winter,42,259.5,95.0,26.3,53.4,9.6,5,252.0,2026-09-22,2026-09-24,92
544,V2,7.1,0.8,monsoon,37,28.4,91.0,23.8,88.1,12.0,0,26.8,2026-09-17,2026-09-19,90
545,M5,1.2,1.3,winter,31,57.6,83.3,18.9,46.3,10.2,15,49.6,2026-10-02,2026-10-04,90
546,V1,2.9,5.8,monsoon,32,287.4,98,27.7,48.2,8.0,0,234.1,2026-09-17,2026-09-19,92
547,S36,2.1,0.6,summer,21,22.3,87.7,21.4,76.6,0.1,8,19.1,2026-09-25,2026-09-27,92
548,S36,4.7,0.9,summer,47,37.9,98,24.2,47.5,0.0,0,32.7,2026-09-17,2026-09-19,92
549,V1,0.7,0.7,summer,15,32.0,72.6,37.2,49.5,18.0,17,21.2,2026-10-04,2026-10-06,90
550,S36,6.4,7.5,normal,10,,64.8,22.6,50.0,3.9,27,237.0,2026-10-14,2026-10-16,85
551,V1,6.8,2.6,winter,7,121.9,65.1,33.4,68.5,46.5,34,103.5,2026-10-21,2026-10-23,87
552,V2,6.9,7.8,monsoon,14,309.8,76.6,30.7,86.5,3.8,9,301.1,2026-09-26,2026-09-28,92
553,V2,4.1,5.3,monsoon,10,176.3,83.9,20.5,56.1,5.6,7,170.7,2026-09-24,2026-09-26,90
554,S36,6.6,2.3,normal,11,104.1,68.5,23.6,75.2,14.3,25,90.6,2026-10-12,2026-10-14,92
555,S36,8.5,3.0,monsoon,6,108.6,71.4,23.0,77.3,12.7,15,100.8,2026-10-02,2026-10-04,92
556,V1,8.8,1.0,monsoon,23,42.8,94.7,37.8,89.1,1.3,0,35.7,2026-09-17,2026-09-19,90
557,M5,2.1,2.0,normal,41,74.9,98,27.0,74.9,3.2,0,80.2,2026-09-17,2026-09-19,94
558,S36,5.0,3.7,normal,33,164.3,98,18.4,62.9,19.2,1,140.3,2026-09-18,2026-09-20,92
559,S36,2.9,4.0,normal,27,121.9,82.5,24.7,78.6,2.2,8,141.8,2026-09-25,2026-09-27,94
560,M5,5.2,7.4,normal,27,271.6,84.1,27.8,75.1,8.9,7,310.8,2026-09-24,2026-09-26,94
561,S36,2.3,3.8,winter,35,129.8,84.7,25.4,47.7,4.9,10,128.1,2026-09-27,2026-09-29,92
562,V1,7.1,5.3,winter,32,237.1,75.6,36.9,51.9,2.8,16,204.2,2026-10-03,2026-10-05,90
563,V2,4.3,4.9,summer,30,202.7,95.8,31.8,68.5,7.6,2,196.3,2026-09-19,2026-09-21,94
564,V1,1.5,4.8,winter,20,240.9,77.7,33.0,88.7,5.1,22,176.9,2026-10-09,2026-10-11,90
565,V2,6.7,6.0,monsoon,26,212.4,98,27.7,68.6,1.2,0,221.4,2026-09-17,2026-09-19,94
566,S36,8.2,1.9,normal,43,,98,36.3,50.1,10.1,0,56.0,2026-09-17,2026-09-19,85
567,S36,5.0,5.5,summer,6,233.4,62.6,31.3,82.1,0.4,22,218.4,2026-10-09,2026-10-11,94
568,M5,9.4,4.0,winter,30,161.3,89.4,24.7,77.0,4.2,19,164.9,2026-10-06,2026-10-08,94
569,V2,6.3,7.8,winter,3,358.1,52.0,32.5,86.7,1.5,38,297.4,2026-10-25,2026-10-27,90
570,V2,6.4,5.4,normal,29,200.6,87.2,31.2,45.1,10.2,10,191.1,2026-09-27,2026-09-29,92
571,M5,6.9,2.3,normal,50,118.3,96.7,26.6,88.8,26.7,0,102.4,2026-09-17,2026-09-19,92
572,S36,7.3,7.0,summer,34,305.9,96.9,33.9,59.2,11.2,0,259.1,2026-09-17,2026-09-19,90
573,S36,2.8,1.8,summer,30,74.4,97.4,36.6,60.3,4.8,1,66.4,2026-09-18,2026-09-20,92
574,V1,6.8,7.4,normal,24,328.7,85.9,35.4,88.8,14.5,7,300.2,2026-09-24,2026-09-26,90
575,V2,8.2,2.2,summer,8,74.9,67.8,29.8,53.8,28.5,24,79.8,2026-10-11,2026-10-13,92
576,V1,3.5,4.9,monsoon,30,207.4,98,24.4,62.2,11.4,1,205.4,2026-09-18,2026-09-20,94
577,V1,4.3,4.5,normal,12,207.7,70.1,22.4,77.0,1.6,24,176.1,2026-10-11,2026-10-13,92
578,V1,3.1,6.9,normal,16,270.5,67.9,27.9,78.1,4.7,25,269.2,2026-10-12,2026-10-14,94
579,S36,7.2,0.9,monsoon,28,33.1,95.8,36.2,52.5,0.2,0,31.1,2026-09-17,2026-09-19,90
580,M5,3.2,7.4,normal,11,,76.2,24.5,82.2,20.1,21,314.1,2026-10-08,2026-10-10,89
581,S36,6.0,3.8,normal,12,121.4,70.9,21.9,75.6,4.5,21,134.2,2026-10-08,2026-10-10,92
582,S36,9.3,1.2,normal,6,39.2,69.5,20.3,69.2,4.1,27,36.4,2026-10-14,2026-10-16,92
583,S36,4.3,2.8,monsoon,8,90.2,69.7,31.0,57.9,10.6,15,96.1,2026-10-02,2026-10-04,92
584,S36,0.7,4.8,normal,47,192.9,90.1,32.9,82.3,2.0,0,134.2,2026-09-17,2026-09-19,92
585,M5,1.1,7.3,monsoon,4,333.6,55.9,33.7,69.9,0.7,21,288.7,2026-10-08,2026-10-10,92
586,V1,2.2,5.0,monsoon,20,222.8,98,26.9,59.8,0.4,0,201.9,2026-09-17,2026-09-19,92
587,V1,1.3,1.4,winter,37,68.3,93.1,31.2,56.7,0.5,8,55.2,2026-09-25,2026-09-27,92
588,V2,7.1,4.4,winter,37,,94.9,28.2,77.3,10.9,11,167.6,2026-09-28,2026-09-30,89
589,M5,8.6,2.1,monsoon,25,81.8,96.9,26.4,70.8,3.0,0,82.8,2026-09-17,2026-09-19,94
590,M5,6.9,7.6,monsoon,7,371.3,74.7,30.6,57.7,10.0,15,348.1,2026-10-02,2026-10-04,92
591,S36,4.5,1.7,normal,4,60.2,62.4,23.4,70.0,11.5,31,58.0,2026-10-18,2026-10-20,92
592,M5,1.9,6.5,winter,9,,63.3,25.5,90.5,4.8,30,253.7,2026-10-17,2026-10-19,87
593,M5,6.1,6.6,summer,47,326.9,95.1,23.4,49.7,0.5,0,288.8,2026-09-17,2026-09-19,90
594,V2,5.0,1.5,summer,45,,96.6,20.5,62.8,13.3,1,54.5,2026-09-18,2026-09-20,87
595,S36,6.9,3.6,normal,31,157.7,98,28.0,58.0,5.6,0,140.0,2026-09-17,2026-09-19,92
596,M5,4.4,2.8,summer,7,,64.0,32.6,89.4,1.8,23,114.2,2026-10-10,2026-10-12,85
597,V1,9.6,3.7,monsoon,34,180.9,84.0,35.8,77.8,5.2,1,139.2,2026-09-18,2026-09-20,92
598,M5,2.8,6.0,summer,13,224.1,68.5,31.5,86.5,7.4,21,246.8,2026-10-08,2026-10-10,92
599,V2,5.2,1.8,summer,46,63.7,98,33.3,50.5,3.6,1,64.9,2026-09-18,2026-09-20,90
600,V1,9.4,7.2,normal,25,,93.3,18.1,66.6,3.5,5,246.3,2026-09-22,2026-09-24,87
601,M5,0.6,3.7,monsoon,12,158.1,72.8,18.1,81.2,2.9,7,118.3,2026-09-24,2026-09-26,92
602,M5,1.5,3.8,normal,11,150.4,73.5,25.1,65.4,4.5,20,150.3,2026-10-07,2026-10-09,94
603,S36,4.2,6.1,summer,45,259.6,98,31.3,57.5,5.5,1,230.6,2026-09-18,2026-09-20,92
604,V2,5.3,7.4,normal,10,238.4,71.8,37.2,82.3,1.3,23,261.9,2026-10-10,2026-10-12,92
605,M5,4.6,5.0,summer,33,202.5,92.7,33.2,56.6,1.7,0,199.3,2026-09-17,2026-09-19,90
606,V2,2.4,5.8,summer,15,197.9,79.5,37.9,72.8,10.1,14,190.7,2026-10-01,2026-10-03,92
607,S36,4.5,5.1,summer,27,194.6,90.7,30.7,55.9,4.1,2,174.3,2026-09-19,2026-09-21,92
608,M5,3.2,3.1,normal,23,129.5,84.8,35.9,53.5,0.0,10,117.5,2026-09-27,2026-09-29,90
609,S36,2.9,4.2,winter,10,150.8,64.6,29.0,85.5,4.0,35,143.8,2026-10-22,2026-10-24,92
610,M5,2.5,3.4,summer,43,162.4,98,32.9,50.7,8.8,0,128.1,2026-09-17,2026-09-19,90
611,M5,3.4,4.1,monsoon,5,189.0,67.9,32.2,86.9,14.2,15,170.9,2026-10-02,2026-10-04,90
612,V2,1.1,3.6,summer,41,118.7,98,23.5,90.5,3.4,1,112.3,2026-09-18,2026-09-20,90
613,V1,2.1,6.1,normal,52,205.9,93.8,22.1,45.2,8.5,1,206.5,2026-09-18,2026-09-20,90
614,M5,8.6,2.7,winter,10,,66.8,21.4,47.1,2.7,37,93.8,2026-10-24,2026-10-26,85
615,V1,6.6,2.4,monsoon,3,91.3,57.9,37.4,60.3,29.3,15,92.5,2026-10-02,2026-10-04,92
616,M5,9.9,5.2,summer,17,,71.1,32.6,58.1,3.0,17,194.6,2026-10-04,2026-10-06,85
617,V1,7.4,5.7,winter,43,273.7,87.2,26.8,60.2,2.3,7,239.0,2026-09-24,2026-09-26,94
618,S36,7.4,3.8,monsoon,8,148.4,66.1,27.9,66.6,16.9,18,139.5,2026-10-05,2026-10-07,94
619,M5,0.7,1.7,monsoon,15,,81.4,22.9,87.7,35.2,10,39.4,2026-09-27,2026-09-29,85
620,V2,0.7,6.7,summer,18,299.3,79.7,33.4,57.6,27.9,11,206.3,2026-09-28,2026-09-30,90
621,M5,8.6,1.1,monsoon,39,44.9,98,24.1,67.5,2.8,1,44.2,2026-09-18,2026-09-20,94
622,V1,1.5,2.7,normal,3,,54.1,36.2,46.1,5.6,30,91.5,2026-10-17,2026-10-19,85
623,V1,5.2,7.9,monsoon,21,345.7,94.5,20.4,88.4,25.2,0,290.2,2026-09-17,2026-09-19,90
624,V2,1.9,5.5,winter,55,208.5,98,23.7,86.1,3.2,0,181.3,2026-09-17,2026-09-19,90
625,V1,8.7,7.8,monsoon,12,387.8,70.9,33.7,67.5,0.7,11,301.8,2026-09-28,2026-09-30,92
626,S36,2.2,3.4,winter,30,110.5,84.6,27.6,90.7,9.2,18,113.2,2026-10-05,2026-10-07,92
627,V2,5.6,4.2,monsoon,8,150.2,64.7,29.6,77.6,13.8,15,157.8,2026-10-02,2026-10-04,94
628,V1,3.9,4.1,monsoon,6,147.4,65.6,36.2,62.0,18.9,13,156.4,2026-09-30,2026-10-02,92
629,V2,2.8,6.7,summer,10,289.6,74.4,25.5,46.2,33.5,21,248.0,2026-10-08,2026-10-10,92
630,S36,0.8,3.2,summer,7,120.1,62.6,18.2,84.1,5.4,23,93.1,2026-10-10,2026-10-12,92
631,M5,5.0,5.9,normal,47,229.4,98,19.2,75.2,9.3,0,247.6,2026-09-17,2026-09-19,92
632,V2,5.8,6.7,winter,30,316.4,83.1,36.6,57.8,1.0,14,247.0,2026-10-01,2026-10-03,90
633,S36,8.3,7.8,summer,33,260.2,90.5,34.5,52.7,16.3,1,245.8,2026-09-18,2026-09-20,90
634,M5,0.8,2.6,summer,16,123.5,82.4,29.9,80.6,3.7,12,92.3,2026-09-29,2026-10-01,94
635,V1,9.8,4.7,normal,6,173.3,59.2,18.2,61.8,3.3,24,173.8,2026-10-11,2026-10-13,92
636,V1,3.6,7.2,summer,4,277.0,69.1,29.7,63.0,8.8,25,296.9,2026-10-12,2026-10-14,94
637,V1,8.9,1.2,monsoon,12,59.1,78.1,37.3,69.3,13.0,9,45.9,2026-09-26,2026-09-28,92
638,M5,3.9,6.9,normal,27,318.8,88.6,22.8,91.9,9.3,3,275.1,2026-09-20,2026-09-22,90
639,M5,5.7,7.8,summer,9,290.8,62.9,23.9,48.2,8.6,27,297.2,2026-10-14,2026-10-16,90
640,M5,7.7,3.8,monsoon,34,199.5,98,18.8,85.4,5.1,0,160.8,2026-09-17,2026-09-19,90
641,M5,4.0,5.6,normal,46,217.2,98,19.1,82.2,12.0,0,216.4,2026-09-17,2026-09-19,92
642,V2,8.6,2.2,normal,8,74.2,65.9,25.0,67.0,7.7,31,81.8,2026-10-18,2026-10-20,94
643,V2,7.8,2.0,winter,23,81.4,74.5,22.3,79.8,1.2,18,70.8,2026-10-05,2026-10-07,92
644,V1,9.9,6.3,summer,30,,95.9,37.6,55.0,2.4,4,186.4,2026-09-21,2026-09-23,85
645,S36,1.2,3.5,winter,58,129.2,95.6,35.9,53.7,0.6,0,106.7,2026-09-17,2026-09-19,90
646,V2,5.6,6.4,normal,47,225.1,98,29.4,83.7,8.2,1,250.9,2026-09-18,2026-09-20,94
647,S36,3.6,7.9,winter,12,271.7,74.4,28.0,59.9,15.7,29,266.6,2026-10-16,2026-10-18,92
648,S36,6.5,5.3,summer,16,209.5,72.2,32.9,53.8,11.9,11,194.2,2026-09-28,2026-09-30,90
649,V1,4.0,3.2,winter,35,152.0,87.7,28.0,92.0,5.3,9,137.0,2026-09-26,2026-09-28,92
650,V1,9.3,3.9,winter,38,176.2,89.3,29.9,70.5,4.8,4,158.9,2026-09-21,2026-09-23,94
651,V1,10.0,6.5,summer,44,287.6,98,20.1,80.2,9.8,1,231.0,2026-09-18,2026-09-20,92
652,M5,8.6,2.1,normal,27,105.6,84.4,20.3,85.2,30.1,11,84.9,2026-09-28,2026-09-30,90
653,V1,9.4,6.4,winter,59,,96.1,36.1,87.7,11.2,0,201.2,2026-09-17,2026-09-19,85
654,M5,3.7,7.7,normal,38,388.3,95.1,37.5,54.1,10.3,1,324.0,2026-09-18,2026-09-20,90
655,S36,4.3,2.9,monsoon,17,115.8,89.2,28.1,74.7,15.3,7,115.5,2026-09-24,2026-09-26,94
656,S36,9.5,2.0,summer,30,77.3,98,18.2,81.2,1.7,0,64.3,2026-09-17,2026-09-19,92
657,S36,9.8,5.3,winter,18,191.6,70.5,21.9,84.5,13.0,24,169.8,2026-10-11,2026-10-13,92
658,S36,6.5,5.3,summer,32,175.7,95.7,36.5,50.8,1.5,0,177.7,2026-09-17,2026-09-19,90
659,V2,1.5,6.5,normal,34,292.1,98,31.7,62.6,3.8,0,247.9,2026-09-17,2026-09-19,94
660,S36,6.8,5.2,summer,24,170.6,87.7,37.9,67.7,9.5,6,168.8,2026-09-23,2026-09-25,92
661,V1,5.6,4.4,monsoon,26,167.6,98,24.6,55.3,13.0,0,161.7,2026-09-17,2026-09-19,92
662,M5,4.9,6.6,normal,28,322.8,86.3,36.4,56.8,2.2,10,275.3,2026-09-27,2026-09-29,90
663,S36,8.0,7.7,normal,31,300.5,83.6,34.3,74.3,9.3,5,283.8,2026-09-22,2026-09-24,92
664,V2,2.1,0.8,winter,29,30.1,81.7,23.9,83.9,10.4,19,28.3,2026-10-06,2026-10-08,92
665,V2,8.0,3.2,summer,45,113.3,96.5,24.3,45.5,11.7,1,120.8,2026-09-18,2026-09-20,92
666,V1,4.2,5.0,monsoon,20,216.2,98,32.3,89.5,16.5,1,189.0,2026-09-18,2026-09-20,90
667,M5,2.4,0.9,normal,5,41.7,64.6,20.5,53.0,4.0,32,35.2,2026-10-19,2026-10-21,90
668,V1,9.2,2.6,normal,37,,97.7,36.4,46.8,10.4,0,84.4,2026-09-17,2026-09-19,85
669,M5,7.7,3.5,winter,42,179.1,94.0,37.7,68.2,10.2,6,145.1,2026-09-23,2026-09-25,92
670,V1,1.8,8.0,normal,13,341.0,71.7,19.8,79.0,16.7,19,316.8,2026-10-06,2026-10-08,92
671,M5,8.9,0.8,summer,7,37.2,63.2,33.8,62.8,12.0,24,32.9,2026-10-11,2026-10-13,92
672,V2,6.6,5.5,monsoon,34,199.2,98,37.5,60.1,13.1,0,200.0,2026-09-17,2026-09-19,92
673,S36,6.8,6.0,monsoon,7,191.9,71.1,18.3,55.2,17.1,11,200.4,2026-09-28,2026-09-30,90
674,M5,7.7,2.8,normal,12,120.2,66.8,35.0,50.0,1.4,28,114.5,2026-10-15,2026-10-17,90
675,S36,1.2,3.7,winter,44,127.5,94.5,20.1,50.2,0.2,5,111.8,2026-09-22,2026-09-24,90
676,V1,3.9,2.1,normal,30,,89.2,28.2,47.5,3.2,9,86.3,2026-09-26,2026-09-28,87
677,S36,3.3,3.5,winter,41,109.2,84.9,31.6,75.4,31.9,6,115.6,2026-09-23,2026-09-25,94
678,V1,3.1,7.1,normal,28,263.1,86.3,20.0,79.5,21.2,7,255.9,2026-09-24,2026-09-26,92
679,M5,7.5,1.2,normal,47,,98,19.4,53.8,23.0,0,42.5,2026-09-17,2026-09-19,85
680,M5,8.9,1.8,summer,33,,98,29.7,68.0,2.8,0,75.5,2026-09-17,2026-09-19,89
681,M5,8.4,4.4,monsoon,9,210.9,78.8,24.7,68.1,4.3,11,191.6,2026-09-28,2026-09-30,94
682,V1,8.4,2.8,winter,52,106.8,98,31.3,85.7,18.6,1,101.0,2026-09-18,2026-09-20,92
683,V2,8.6,5.4,monsoon,34,,98,31.9,65.2,2.3,0,206.1,2026-09-17,2026-09-19,89
684,M5,8.8,5.6,normal,14,243.7,70.8,23.3,76.9,21.9,24,211.2,2026-10-11,2026-10-13,92
685,M5,8.4,1.4,normal,53,54.2,98,37.4,68.4,11.6,0,55.6,2026-09-17,2026-09-19,92
686,M5,5.1,1.0,winter,32,,83.8,18.8,58.3,9.0,8,38.3,2026-09-25,2026-09-27,85
687,V1,2.9,3.1,winter,45,126.7,97.5,37.1,78.5,1.5,2,111.5,2026-09-19,2026-09-21,92
688,M5,2.9,5.6,normal,28,232.9,84.8,37.3,49.6,3.0,9,224.2,2026-09-26,2026-09-28,90
689,S36,7.0,2.0,monsoon,38,84.6,98,23.9,88.6,6.2,0,70.8,2026-09-17,2026-09-19,90
690,M5,4.9,3.7,normal,32,183.5,93.8,18.6,71.3,31.6,5,161.7,2026-09-22,2026-09-24,92
691,M5,1.7,4.6,winter,51,235.1,98,31.4,66.8,14.4,0,194.7,2026-09-17,2026-09-19,94
692,V1,3.7,1.2,winter,33,50.6,80.2,31.8,85.6,1.3,17,45.4,2026-10-04,2026-10-06,92
693,S36,5.8,7.8,monsoon,12,250.7,76.8,37.8,45.3,6.6,8,253.4,2026-09-25,2026-09-27,90
694,S36,2.4,4.1,normal,6,139.3,64.9,36.5,59.1,6.6,31,127.9,2026-10-18,2026-10-20,90
695,V1,4.6,5.3,monsoon,18,263.5,94.1,28.9,67.4,3.4,2,232.0,2026-09-19,2026-09-21,94
696,M5,4.2,5.7,summer,29,,93.9,34.3,52.0,3.3,6,212.3,2026-09-23,2026-09-25,85
697,V2,0.9,7.3,monsoon,32,316.1,96.1,25.2,85.2,7.0,0,222.6,2026-09-17,2026-09-19,92
698,S36,3.8,5.9,winter,48,262.2,98,35.2,51.6,15.4,0,215.2,2026-09-17,2026-09-19,90
699,V2,6.3,1.9,winter,47,,93.5,25.0,74.0,5.2,1,72.4,2026-09-18,2026-09-20,89
700,V1,6.8,4.2,normal,17,204.6,83.3,37.6,83.0,13.2,17,174.5,2026-10-04,2026-10-06,92
701,V2,9.3,1.0,winter,5,37.1,60.8,33.3,73.5,18.4,37,33.1,2026-10-24,2026-10-26,92
702,S36,2.4,4.2,winter,15,133.2,67.7,32.8,65.4,7.5,27,139.3,2026-10-14,2026-10-16,92
703,S36,0.8,1.6,summer,29,61.5,82.9,24.8,77.1,31.6,3,47.4,2026-09-20,2026-09-22,94
704,V2,5.3,3.2,monsoon,31,,94.7,26.6,62.7,0.7,1,124.4,2026-09-18,2026-09-20,89
705,V1,5.2,0.9,winter,17,32.6,73.4,34.6,63.4,4.4,23,33.4,2026-10-10,2026-10-12,92
706,M5,4.3,0.9,summer,19,46.8,73.7,31.1,46.5,5.5,15,40.0,2026-10-02,2026-10-04,92
707,M5,9.3,5.5,summer,34,,98,36.1,78.0,14.5,0,215.6,2026-09-17,2026-09-19,87
708,V1,8.9,4.1,monsoon,5,170.7,68.4,20.1,68.3,2.6,16,143.3,2026-10-03,2026-10-05,92
709,S36,5.6,7.0,summer,6,,58.9,20.5,78.0,8.0,28,267.7,2026-10-15,2026-10-17,87
710,M5,3.8,3.1,summer,17,156.7,79.5,19.8,45.5,5.3,15,127.6,2026-10-02,2026-10-04,90
711,S36,8.2,1.1,monsoon,14,,76.7,30.0,86.8,62.6,11,32.4,2026-09-28,2026-09-30,82
712,M5,9.4,2.0,winter,31,95.5,87.2,32.3,89.2,15.2,13,78.4,2026-09-30,2026-10-02,90
713,V1,1.0,7.3,normal,8,290.9,65.0,37.5,55.8,13.5,25,240.0,2026-10-12,2026-10-14,90
714,V2,9.6,0.7,summer,20,,82.1,29.8,59.1,33.6,13,21.1,2026-09-30,2026-10-02,87
715,V2,0.9,2.0,monsoon,37,92.6,98,28.8,61.3,0.3,0,68.7,2026-09-17,2026-09-19,94
716,S36,7.7,3.1,normal,49,139.1,98,36.6,80.4,16.5,1,118.8,2026-09-18,2026-09-20,92
717,V2,4.5,5.9,winter,27,214.7,68.4,22.8,87.7,3.3,14,207.9,2026-10-01,2026-10-03,90
718,V1,6.3,3.2,winter,54,152.5,98,33.4,45.6,3.7,0,117.7,2026-09-17,2026-09-19,90
719,V1,9.7,4.1,monsoon,6,155.5,63.6,35.9,70.9,30.6,18,134.4,2026-10-05,2026-10-07,92
720,S36,1.9,5.1,summer,10,179.6,67.1,31.1,53.7,7.1,22,165.3,2026-10-09,2026-10-11,92
721,M5,9.8,0.6,winter,48,,97.8,20.2,68.8,1.2,0,21.3,2026-09-17,2026-09-19,87
722,V2,1.2,3.7,winter,4,157.0,59.6,24.5,82.0,4.1,38,145.6,2026-10-25,2026-10-27,94
723,M5,6.4,1.7,summer,12,76.8,70.8,30.2,83.0,7.1,21,78.2,2026-10-08,2026-10-10,94
724,S36,4.1,4.9,monsoon,8,223.3,67.9,37.1,90.1,48.7,17,178.6,2026-10-04,2026-10-06,85
725,V1,6.3,5.4,normal,20,202.4,79.6,36.2,60.4,16.0,15,200.8,2026-10-02,2026-10-04,92
726,S36,4.7,7.7,normal,8,304.9,69.1,25.0,68.8,24.6,27,304.5,2026-10-14,2026-10-16,94
727,S36,5.9,6.7,monsoon,29,,95.3,30.1,82.4,4.2,0,251.8,2026-09-17,2026-09-19,89
728,S36,6.0,5.2,monsoon,32,231.6,92.7,18.3,50.7,3.1,1,192.9,2026-09-18,2026-09-20,90
729,V1,7.1,7.9,monsoon,30,384.7,95.5,29.1,78.5,1.3,1,350.3,2026-09-18,2026-09-20,94
730,V1,9.9,0.8,winter,61,33.3,98,26.2,66.1,18.0,0,31.5,2026-09-17,2026-09-19,94
731,V1,1.9,0.6,winter,44,22.5,86.8,21.5,79.0,3.3,6,21.6,2026-09-23,2026-09-25,92
732,V2,3.2,3.4,monsoon,5,137.0,66.0,34.3,79.5,45.3,16,120.7,2026-10-03,2026-10-05,87
733,S36,1.6,2.6,normal,13,84.6,68.6,37.8,80.4,25.8,19,83.3,2026-10-06,2026-10-08,92
734,S36,0.8,7.3,monsoon,18,285.3,98,34.7,46.2,2.3,1,197.4,2026-09-18,2026-09-20,90
735,V1,7.3,7.4,summer,30,348.5,87.6,20.7,58.1,11.0,6,291.2,2026-09-23,2026-09-25,90
736,M5,3.1,5.2,summer,5,266.0,61.1,26.7,88.8,15.8,29,234.2,2026-10-16,2026-10-18,92
737,V1,2.8,4.9,monsoon,19,171.9,86.7,21.7,68.3,1.4,3,185.4,2026-09-20,2026-09-22,92
738,V1,4.6,4.2,monsoon,5,186.1,65.9,26.4,57.4,4.8,15,178.9,2026-10-02,2026-10-04,92
739,M5,8.5,7.1,normal,43,352.1,95.1,27.6,49.5,1.2,0,299.6,2026-09-17,2026-09-19,92
740,S36,6.8,1.4,normal,45,52.9,98,20.3,77.8,12.2,0,51.1,2026-09-17,2026-09-19,92
741,V1,3.3,4.3,normal,38,210.4,98,24.4,63.4,5.8,0,186.0,2026-09-17,2026-09-19,94
742,S36,3.7,6.6,winter,29,211.7,76.6,22.4,86.2,7.7,19,209.9,2026-10-06,2026-10-08,90
743,V1,8.1,1.2,winter,52,57.2,98,19.0,54.9,7.7,0,47.4,2026-09-17,2026-09-19,90
744,M5,3.6,2.1,monsoon,4,105.5,62.4,34.9,80.5,7.5,13,88.1,2026-09-30,2026-10-02,92
745,S36,6.5,5.7,summer,10,179.9,69.0,26.0,83.5,20.9,23,210.3,2026-10-10,2026-10-12,94
746,V2,0.7,6.1,monsoon,28,245.2,94.4,21.9,73.5,3.7,0,180.7,2026-09-17,2026-09-19,92
747,V1,3.0,5.4,normal,21,227.4,75.8,26.1,58.1,3.3,15,205.8,2026-10-02,2026-10-04,92
748,V2,9.5,6.2,summer,17,245.7,75.6,29.6,46.2,14.7,17,217.9,2026-10-04,2026-10-06,92
749,V1,1.4,1.8,normal,18,62.3,77.0,34.8,69.6,18.3,21,60.4,2026-10-08,2026-10-10,92
750,M5,8.4,0.8,normal,20,33.3,83.7,31.8,80.5,15.8,11,32.9,2026-09-28,2026-09-30,94
751,V2,7.2,4.4,summer,30,171.6,95.2,33.1,52.6,13.8,0,147.2,2026-09-17,2026-09-19,90
752,V2,1.8,7.1,normal,3,304.1,54.6,23.9,65.5,3.5,34,264.8,2026-10-21,2026-10-23,92
753,S36,1.8,4.4,monsoon,36,195.8,94.4,22.2,60.5,13.7,0,161.7,2026-09-17,2026-09-19,92
754,V1,3.5,1.8,normal,3,70.5,56.1,24.2,53.8,11.8,27,70.8,2026-10-14,2026-10-16,92
755,V1,3.8,4.7,monsoon,3,207.2,63.1,34.4,85.8,8.8,20,186.3,2026-10-07,2026-10-09,90
756,S36,1.2,1.6,monsoon,14,67.3,79.1,23.3,49.8,15.9,8,54.3,2026-09-25,2026-09-27,90
757,V2,2.5,0.5,monsoon,8,,75.2,20.9,67.3,0.0,12,17.5,2026-09-29,2026-10-01,87
758,V2,6.8,3.0,summer,38,136.3,95.6,25.9,81.4,12.3,0,125.2,2026-09-17,2026-09-19,94
759,S36,9.6,7.6,winter,56,306.4,94.0,31.9,56.8,1.3,0,252.2,2026-09-17,2026-09-19,92
760,V2,7.8,3.1,normal,42,108.1,98,29.2,91.9,28.0,1,110.4,2026-09-18,2026-09-20,92
761,M5,5.5,0.5,winter,9,23.8,70.5,28.1,45.6,3.2,36,21.8,2026-10-23,2026-10-25,92
762,M5,3.1,0.9,summer,41,44.6,93.3,30.6,68.0,6.4,0,39.0,2026-09-17,2026-09-19,94
763,V1,6.3,5.8,monsoon,8,,64.2,19.1,75.0,0.6,13,229.9,2026-09-30,2026-10-02,87
764,V1,3.7,5.5,winter,40,223.3,96.8,32.4,62.2,0.1,3,206.1,2026-09-20,2026-09-22,92
765,S36,7.4,1.1,normal,20,38.6,76.9,26.2,74.9,18.5,11,39.8,2026-09-28,2026-09-30,94
766,M5,4.9,6.8,summer,8,317.2,60.3,20.3,49.3,13.1,26,278.6,2026-10-13,2026-10-15,90
767,M5,4.9,7.1,monsoon,15,327.8,82.2,24.2,62.8,3.4,7,313.4,2026-09-24,2026-09-26,94
768,S36,3.1,2.0,winter,47,84.3,91.2,26.8,49.3,4.4,1,74.1,2026-09-18,2026-09-20,92
769,S36,0.8,6.8,normal,37,242.1,86.4,26.7,75.4,11.5,1,200.2,2026-09-18,2026-09-20,94
770,M5,1.4,6.3,winter,32,280.7,79.4,23.2,88.3,7.3,11,234.4,2026-09-28,2026-09-30,90
771,V1,3.6,1.3,winter,13,53.9,64.8,31.0,49.7,24.4,26,51.7,2026-10-13,2026-10-15,92
772,V2,6.1,5.7,normal,18,209.8,76.2,23.1,62.5,4.1,18,220.3,2026-10-05,2026-10-07,92
773,V1,4.5,6.3,normal,4,312.4,60.3,24.0,73.1,12.0,36,285.4,2026-10-23,2026-10-25,94
774,S36,6.8,6.4,summer,22,239.4,87.4,33.9,51.6,4.2,8,213.6,2026-09-25,2026-09-27,90
775,V1,2.3,6.9,normal,18,,81.1,33.5,45.2,1.7,14,252.8,2026-10-01,2026-10-03,85
776,V2,8.4,5.8,summer,11,211.9,72.1,24.4,89.0,5.1,24,207.8,2026-10-11,2026-10-13,92
777,V2,5.6,3.1,summer,41,118.9,98,25.2,68.6,0.0,0,124.2,2026-09-17,2026-09-19,94
778,S36,5.2,0.8,winter,8,29.0,64.6,24.8,75.7,5.5,38,28.6,2026-10-25,2026-10-27,94
779,V2,2.2,3.5,summer,8,119.2,60.4,31.1,64.0,16.4,28,125.6,2026-10-15,2026-10-17,94
780,V2,0.6,5.4,normal,6,242.1,67.0,24.1,57.2,10.1,30,175.5,2026-10-17,2026-10-19,92
781,M5,8.5,7.8,summer,30,363.7,91.1,31.5,52.1,4.1,0,328.8,2026-09-17,2026-09-19,92
782,V2,4.6,4.0,summer,34,155.2,97.2,27.2,47.4,9.1,1,154.3,2026-09-18,2026-09-20,92
783,M5,2.2,3.2,summer,23,125.3,81.0,20.2,79.4,7.6,13,123.5,2026-09-30,2026-10-02,92
784,V2,4.6,2.6,normal,18,106.9,74.5,36.4,87.5,26.9,20,88.8,2026-10-07,2026-10-09,90
785,V1,4.1,7.9,summer,43,382.6,98.0,18.4,89.7,3.0,0,327.2,2026-09-17,2026-09-19,90
786,M5,6.3,4.5,monsoon,14,217.8,81.9,29.5,55.1,27.4,3,198.8,2026-09-20,2026-09-22,92
787,V2,9.1,5.6,winter,29,236.1,85.9,31.1,57.9,6.2,10,193.5,2026-09-27,2026-09-29,92
788,M5,2.6,5.1,normal,29,184.8,91.5,30.7,60.5,4.9,10,203.8,2026-09-27,2026-09-29,94
789,V2,1.9,6.9,normal,37,290.5,96.1,23.1,46.5,19.1,1,245.4,2026-09-18,2026-09-20,90
790,M5,3.4,6.1,normal,32,267.0,81.3,18.6,74.4,1.8,7,250.0,2026-09-24,2026-09-26,92
791,V2,9.9,3.3,monsoon,10,146.7,74.0,37.8,71.8,2.0,15,122.1,2026-10-02,2026-10-04,92
792,M5,7.6,3.6,winter,52,179.0,98,25.3,50.0,21.6,0,157.6,2026-09-17,2026-09-19,92
793,S36,8.7,4.2,normal,31,169.6,96.0,26.0,45.2,17.7,4,149.6,2026-09-21,2026-09-23,92
794,V2,9.8,3.6,summer,11,138.7,76.0,30.2,68.7,0.8,19,128.9,2026-10-06,2026-10-08,94
795,S36,2.1,5.2,summer,4,170.8,59.5,31.1,70.9,19.9,29,183.8,2026-10-16,2026-10-18,94
796,S36,2.2,7.5,monsoon,11,255.9,65.8,23.9,87.0,2.3,13,225.2,2026-09-30,2026-10-02,90
797,V2,5.3,1.3,winter,18,62.3,62.2,18.1,46.5,11.3,24,47.6,2026-10-11,2026-10-13,90
798,V1,7.3,5.1,summer,33,233.5,95.1,34.6,47.8,16.7,1,197.7,2026-09-18,2026-09-20,90
799,V2,4.6,1.4,monsoon,10,50.7,72.5,31.1,51.7,2.8,12,50.1,2026-09-29,2026-10-01,92
800,V2,7.6,6.2,winter,47,257.4,94.0,26.9,82.0,12.0,0,238.3,2026-09-17,2026-09-19,94
801,M5,0.7,7.1,winter,22,350.6,77.2,30.7,67.3,5.8,23,253.6,2026-10-10,2026-10-12,94
802,M5,8.7,2.4,monsoon,30,117.6,97.2,22.2,59.2,8.8,1,97.2,2026-09-18,2026-09-20,90
803,S36,9.7,5.3,winter,26,191.7,70.1,31.0,85.9,6.6,23,176.4,2026-10-10,2026-10-12,92
804,M5,2.5,1.6,summer,25,,93.6,28.0,71.8,10.2,7,71.2,2026-09-24,2026-09-26,89
805,S36,7.5,3.2,summer,43,139.7,98,19.3,71.0,7.7,0,118.1,2026-09-17,2026-09-19,92
806,S36,2.9,6.0,monsoon,32,250.2,98,21.5,91.0,3.1,1,212.2,2026-09-18,2026-09-20,90
807,M5,1.1,2.2,normal,9,,57.9,24.4,74.8,2.2,27,87.9,2026-10-14,2026-10-16,89
808,V1,5.7,2.1,normal,39,86.2,96.4,18.2,65.2,23.5,1,83.4,2026-09-18,2026-09-20,92
809,V2,9.9,2.4,normal,20,110.1,73.0,28.1,69.2,30.2,18,90.1,2026-10-05,2026-10-07,94
810,M5,6.4,1.3,monsoon,3,48.3,59.9,24.4,90.8,6.4,22,51.1,2026-10-09,2026-10-11,92
811,V2,3.8,5.7,monsoon,9,,72.4,28.0,60.0,7.6,12,239.8,2026-09-29,2026-10-01,89
812,S36,5.9,1.7,monsoon,28,76.4,95.2,33.7,85.1,9.4,0,64.5,2026-09-17,2026-09-19,90
813,M5,2.7,2.5,winter,12,124.3,63.4,34.6,59.8,3.7,32,106.4,2026-10-19,2026-10-21,90
814,M5,6.6,1.5,normal,4,76.5,65.8,34.4,54.5,10.8,29,62.7,2026-10-16,2026-10-18,90
815,S36,8.1,5.1,normal,9,228.4,67.7,32.5,89.3,9.0,26,185.6,2026-10-13,2026-10-15,90
816,S36,3.2,5.1,normal,9,177.1,68.1,19.1,61.1,7.7,21,174.2,2026-10-08,2026-10-10,92
817,M5,9.8,6.0,monsoon,22,276.1,93.4,26.8,60.4,7.9,0,255.1,2026-09-17,2026-09-19,94
818,S36,7.8,1.0,winter,60,33.9,95.7,33.5,80.1,2.4,0,34.0,2026-09-17,2026-09-19,92
819,M5,2.9,6.1,summer,10,,65.7,34.1,82.5,17.8,21,240.7,2026-10-08,2026-10-10,87
820,V1,9.6,7.0,winter,34,,80.0,23.7,60.7,0.7,13,259.6,2026-09-30,2026-10-02,87
821,S36,8.1,6.8,summer,42,298.6,96.5,19.5,77.1,17.0,1,239.9,2026-09-18,2026-09-20,92
822,S36,6.7,3.0,normal,28,,90.2,29.5,45.3,17.6,1,100.0,2026-09-18,2026-09-20,87
823,S36,6.1,6.3,normal,45,209.6,98,36.5,87.0,12.5,0,190.6,2026-09-17,2026-09-19,90
824,V1,7.9,4.6,summer,23,231.1,89.9,36.6,75.9,2.3,9,187.7,2026-09-26,2026-09-28,92
825,M5,0.8,7.1,normal,27,281.0,97.8,35.1,54.8,0.5,4,223.9,2026-09-21,2026-09-23,90
826,V1,2.0,2.1,normal,25,98.8,81.9,33.0,59.9,2.1,14,81.5,2026-10-01,2026-10-03,90
827,V1,0.6,6.5,normal,25,295.0,85.1,19.3,89.5,10.6,7,202.8,2026-09-24,2026-09-26,90
828,M5,7.4,7.2,summer,18,,81.6,21.5,45.4,7.3,12,280.5,2026-09-29,2026-10-01,85
829,M5,4.0,3.6,monsoon,14,189.5,80.5,21.0,83.0,11.0,9,152.8,2026-09-26,2026-09-28,92
830,V2,6.4,7.3,winter,23,319.4,78.1,18.6,46.2,0.3,25,267.1,2026-10-12,2026-10-14,90
831,S36,2.0,0.6,monsoon,29,19.5,98,27.5,91.2,19.4,1,19.0,2026-09-18,2026-09-20,92
832,V2,5.0,7.3,monsoon,37,321.1,97.9,25.3,73.8,12.6,1,292.1,2026-09-18,2026-09-20,94
833,S36,5.4,6.5,monsoon,8,269.7,70.0,23.6,73.9,2.9,13,247.4,2026-09-30,2026-10-02,92
834,M5,7.7,1.5,normal,45,75.6,91.6,20.9,79.6,19.0,1,61.5,2026-09-18,2026-09-20,92
835,S36,0.6,5.3,monsoon,28,207.6,95.7,27.7,61.2,9.9,0,167.8,2026-09-17,2026-09-19,94
836,V2,6.4,4.6,summer,44,166.0,98,33.4,88.4,4.1,0,155.6,2026-09-17,2026-09-19,90
837,M5,7.8,2.5,winter,44,,98,19.9,90.8,17.7,3,91.7,2026-09-20,2026-09-22,85
838,V2,5.8,7.5,monsoon,35,,98,21.9,84.5,2.5,1,280.6,2026-09-18,2026-09-20,87
839,S36,5.8,4.5,summer,37,180.2,98,28.6,62.6,1.1,1,169.1,2026-09-18,2026-09-20,94
840,S36,5.6,7.7,normal,20,295.1,88.9,19.0,90.5,5.1,13,259.4,2026-09-30,2026-10-02,90
841,M5,0.5,2.4,winter,49,119.4,90.3,19.2,64.3,1.6,0,81.5,2026-09-17,2026-09-19,92
842,V2,4.2,2.0,winter,17,,65.0,37.3,58.0,22.3,25,66.9,2026-10-12,2026-10-14,85
843,S36,6.9,6.2,summer,36,200.2,97.3,30.6,67.1,10.8,1,227.5,2026-09-18,2026-09-20,94
844,S36,1.2,7.8,winter,5,306.5,61.3,25.6,86.9,1.2,40,275.3,2026-10-27,2026-10-29,92
845,M5,2.6,1.3,winter,58,,98,32.0,65.3,0.6,0,58.1,2026-09-17,2026-09-19,89
846,M5,9.1,5.3,winter,45,,90.3,34.7,91.2,0.9,1,185.5,2026-09-18,2026-09-20,85
847,M5,1.5,6.4,normal,41,298.4,98,28.4,88.5,4.8,1,268.0,2026-09-18,2026-09-20,92
848,V1,9.7,2.3,normal,48,99.4,94.7,32.9,61.3,15.5,1,82.3,2026-09-18,2026-09-20,92
849,V2,6.9,0.7,monsoon,23,25.2,98,36.4,82.7,13.1,1,26.5,2026-09-18,2026-09-20,92
850,S36,3.1,6.4,winter,47,269.5,94.4,37.8,57.4,15.8,1,230.9,2026-09-18,2026-09-20,90
851,S36,8.5,6.9,winter,42,219.2,85.3,37.3,59.9,3.7,3,204.8,2026-09-20,2026-09-22,90
852,V2,2.4,6.9,normal,24,256.4,80.7,34.1,87.1,14.1,10,226.6,2026-09-27,2026-09-29,90
853,M5,7.7,4.5,normal,47,173.8,98,32.2,88.0,10.9,0,176.3,2026-09-17,2026-09-19,90
854,V1,8.5,6.0,winter,39,226.4,87.7,37.4,60.2,2.5,9,216.7,2026-09-26,2026-09-28,92
855,V2,2.6,5.7,monsoon,17,226.5,80.6,20.9,58.9,33.4,4,188.8,2026-09-21,2026-09-23,90
856,V2,6.5,7.2,normal,48,272.4,98,33.9,62.1,16.2,0,260.0,2026-09-17,2026-09-19,92
857,S36,3.6,6.7,monsoon,9,265.2,80.0,28.1,67.4,3.8,12,251.4,2026-09-29,2026-10-01,94
858,S36,4.9,4.8,summer,42,147.5,97.2,26.8,72.8,0.7,0,173.0,2026-09-17,2026-09-19,94
859,V1,9.0,4.1,monsoon,25,171.6,98,29.4,89.5,13.0,1,151.8,2026-09-18,2026-09-20,92
860,V2,2.5,3.9,winter,17,,72.7,29.4,86.2,29.2,29,144.3,2026-10-16,2026-10-18,87
861,V1,9.7,0.9,winter,10,45.1,63.4,19.3,64.4,1.8,38,34.2,2026-10-25,2026-10-27,92
862,V2,7.4,3.0,summer,39,118.8,96.5,32.0,77.2,16.3,0,114.6,2026-09-17,2026-09-19,94
863,M5,3.9,5.8,winter,8,287.3,63.4,22.5,91.3,10.0,40,233.7,2026-10-27,2026-10-29,90
864,V1,7.0,1.2,summer,3,47.9,63.0,24.5,59.4,16.1,24,47.0,2026-10-11,2026-10-13,92
865,V2,2.2,2.1,winter,46,73.2,98,29.5,86.9,12.3,0,74.0,2026-09-17,2026-09-19,92
866,V1,9.4,7.2,summer,21,254.0,78.4,20.2,77.1,8.9,10,265.0,2026-09-27,2026-09-29,92
867,M5,9.4,7.5,normal,10,377.2,65.1,22.9,51.6,32.3,26,301.0,2026-10-13,2026-10-15,90
868,V1,8.6,1.2,winter,39,44.4,86.2,29.5,70.0,5.0,9,44.7,2026-09-26,2026-09-28,94
869,S36,3.3,5.2,normal,27,236.5,85.8,20.1,71.4,9.4,9,200.2,2026-09-26,2026-09-28,92
870,V1,2.3,1.2,monsoon,6,59.8,65.9,28.7,47.2,3.6,16,50.4,2026-10-03,2026-10-05,92
871,V2,7.5,4.4,monsoon,5,,65.2,37.0,86.9,12.5,17,150.6,2026-10-04,2026-10-06,85
872,V1,9.3,2.0,summer,3,73.1,57.8,36.1,76.0,24.7,29,71.1,2026-10-16,2026-10-18,92
873,V2,0.9,1.6,monsoon,30,74.6,95.3,36.0,59.6,28.2,0,49.1,2026-09-17,2026-09-19,90
874,M5,8.5,1.9,normal,41,72.8,92.3,18.2,77.5,0.4,1,73.2,2026-09-18,2026-09-20,92
875,V1,2.0,6.4,summer,37,272.7,93.5,23.1,77.0,26.7,0,239.9,2026-09-17,2026-09-19,92
876,V1,4.3,7.1,monsoon,34,251.8,98,22.0,69.4,0.4,0,262.7,2026-09-17,2026-09-19,92
877,V1,2.8,5.1,normal,31,198.6,92.8,36.7,81.0,2.1,2,179.6,2026-09-19,2026-09-21,92
878,M5,9.3,3.1,monsoon,15,146.6,87.7,25.6,89.5,7.0,3,127.1,2026-09-20,2026-09-22,92
879,V2,1.2,2.3,winter,13,96.4,72.2,19.1,77.2,5.3,34,81.2,2026-10-21,2026-10-23,92
880,V1,1.9,1.3,monsoon,15,62.4,96.4,18.1,47.7,4.9,4,45.9,2026-09-21,2026-09-23,90
881,V2,9.4,5.3,winter,42,223.6,81.9,22.8,68.1,2.9,8,187.6,2026-09-25,2026-09-27,92
882,M5,2.6,2.7,monsoon,19,104.2,92.4,35.6,62.3,0.2,5,108.4,2026-09-22,2026-09-24,92
883,S36,9.9,1.4,winter,28,49.5,77.4,32.7,65.9,4.9,15,44.2,2026-10-02,2026-10-04,92
884,S36,2.6,1.9,monsoon,32,63.9,98,29.0,80.9,5.2,0,66.8,2026-09-17,2026-09-19,94
885,V2,3.4,6.7,normal,15,261.9,76.0,21.1,63.1,7.3,16,244.1,2026-10-03,2026-10-05,92
886,S36,3.1,6.1,monsoon,39,265.9,98,33.6,54.3,5.3,0,218.6,2026-09-17,2026-09-19,90
887,V1,6.9,6.4,summer,3,295.0,66.4,24.6,49.2,26.8,24,251.4,2026-10-11,2026-10-13,92
888,M5,6.0,6.7,normal,48,347.4,94.1,21.5,59.3,16.2,0,287.0,2026-09-17,2026-09-19,90
889,S36,5.8,5.2,winter,10,188.1,63.1,26.9,80.5,1.5,32,199.9,2026-10-19,2026-10-21,94
890,M5,9.3,4.9,monsoon,4,263.5,59.5,37.4,89.5,8.4,21,188.7,2026-10-08,2026-10-10,90
891,V2,9.2,1.3,monsoon,21,,89.2,19.7,73.3,16.1,3,41.1,2026-09-20,2026-09-22,87
892,M5,2.3,2.6,summer,23,114.6,71.8,36.1,47.4,2.7,12,102.5,2026-09-29,2026-10-01,90
893,V2,6.8,3.0,summer,42,129.4,98,24.1,54.4,6.4,0,116.7,2026-09-17,2026-09-19,92
894,V2,4.4,3.1,winter,38,132.5,89.9,21.9,58.2,0.9,7,122.8,2026-09-24,2026-09-26,90
895,V1,8.2,6.5,summer,7,,64.7,29.4,56.1,0.9,25,244.2,2026-10-12,2026-10-14,87
896,V1,2.0,5.2,normal,24,192.2,80.3,33.7,50.0,1.3,17,183.4,2026-10-04,2026-10-06,90
897,V1,0.5,6.4,monsoon,6,268.3,65.6,30.5,54.1,17.0,16,197.2,2026-10-03,2026-10-05,92
898,V1,4.7,4.3,summer,15,153.4,71.1,23.3,86.3,8.6,14,158.2,2026-10-01,2026-10-03,90
899,S36,2.0,5.3,winter,29,213.9,75.4,26.5,83.8,13.3,21,190.0,2026-10-08,2026-10-10,94
900,S36,1.1,1.0,winter,42,37.2,96.9,33.1,65.2,11.2,1,32.6,2026-09-18,2026-09-20,92
901,M5,7.1,5.0,summer,23,269.9,77.5,27.6,68.5,14.4,8,231.9,2026-09-25,2026-09-27,94
902,S36,0.9,3.1,normal,23,136.6,81.9,36.5,84.8,35.9,14,89.4,2026-10-01,2026-10-03,92
903,V1,8.8,6.4,normal,12,234.8,66.5,33.8,76.1,1.9,27,223.7,2026-10-14,2026-10-16,92
904,M5,3.7,0.7,normal,22,32.8,82.9,34.6,85.1,3.3,10,28.1,2026-09-27,2026-09-29,90
905,V1,3.9,1.3,winter,41,,89.2,36.9,82.8,5.4,6,49.1,2026-09-23,2026-09-25,87
906,M5,7.0,3.7,summer,36,157.8,98,23.6,79.1,16.5,0,149.7,2026-09-17,2026-09-19,92
907,V2,2.8,7.6,monsoon,33,,98,29.5,60.6,2.2,0,301.8,2026-09-17,2026-09-19,89
908,S36,7.2,5.1,monsoon,39,,93.0,27.4,45.9,7.2,0,170.8,2026-09-17,2026-09-19,87
909,V2,4.9,7.3,winter,31,288.9,83.2,33.4,78.5,4.5,9,271.0,2026-09-26,2026-09-28,92
910,V2,5.8,6.4,winter,23,302.9,76.3,30.1,70.2,17.4,25,272.7,2026-10-12,2026-10-14,94
911,M5,7.5,6.0,monsoon,18,,88.8,34.4,45.5,3.0,3,218.1,2026-09-20,2026-09-22,85
912,M5,4.9,7.3,monsoon,27,,93.9,29.1,72.9,14.2,0,326.5,2026-09-17,2026-09-19,89
913,S36,7.2,3.9,monsoon,23,161.3,98,35.4,71.0,4.6,1,138.3,2026-09-18,2026-09-20,92
914,M5,4.3,2.9,summer,23,,83.2,29.3,71.7,21.5,10,134.4,2026-09-27,2026-09-29,89
915,V2,1.1,1.0,monsoon,13,44.0,85.1,33.1,90.7,4.1,6,33.4,2026-09-23,2026-09-25,90
916,V2,7.1,4.6,summer,31,151.4,93.9,21.2,80.8,20.3,1,155.9,2026-09-18,2026-09-20,92
917,S36,5.0,0.8,monsoon,11,30.3,73.5,33.1,76.5,0.2,10,28.6,2026-09-27,2026-09-29,92
918,V1,0.9,4.9,monsoon,34,238.6,98.0,18.1,78.0,8.7,0,158.7,2026-09-17,2026-09-19,92
919,V1,9.2,6.1,winter,38,297.0,86.8,34.7,80.4,3.0,6,230.0,2026-09-23,2026-09-25,92
920,V1,4.7,7.8,normal,14,289.0,74.8,20.3,63.2,1.1,20,294.3,2026-10-07,2026-10-09,92
921,S36,8.9,6.6,winter,6,,58.4,35.8,84.6,2.4,40,198.2,2026-10-27,2026-10-29,87
922,M5,2.5,7.6,normal,32,350.3,89.3,37.7,73.3,1.8,3,321.5,2026-09-20,2026-09-22,92
923,S36,1.2,1.3,summer,42,58.5,98,23.5,45.0,5.9,0,41.5,2026-09-17,2026-09-19,90
924,V2,7.5,3.3,winter,44,119.5,93.4,18.4,81.2,22.9,1,117.8,2026-09-18,2026-09-20,92
925,V1,8.9,7.5,monsoon,6,340.6,70.8,35.4,72.2,8.2,12,287.2,2026-09-29,2026-10-01,92
926,S36,1.1,5.6,summer,34,,98,26.6,66.9,1.9,0,193.8,2026-09-17,2026-09-19,89
927,M5,7.2,5.9,monsoon,4,217.1,57.4,21.8,77.4,16.6,19,236.6,2026-10-06,2026-10-08,92
928,V2,8.0,5.9,summer,26,224.0,78.5,19.8,62.3,17.2,6,215.7,2026-09-23,2026-09-25,92
929,M5,7.5,3.1,monsoon,26,141.9,94.4,23.8,83.3,13.9,0,128.0,2026-09-17,2026-09-19,92
930,M5,8.9,3.0,winter,32,126.5,81.3,27.0,70.3,11.4,19,120.9,2026-10-06,2026-10-08,94
931,M5,5.6,6.7,monsoon,16,303.9,88.8,34.5,86.4,46.6,5,254.1,2026-09-22,2026-09-24,85
932,S36,7.0,6.4,normal,23,258.5,81.1,32.6,82.5,8.0,8,226.8,2026-09-25,2026-09-27,92
933,V2,7.0,7.9,monsoon,12,266.4,78.5,21.8,45.0,15.8,12,272.7,2026-09-29,2026-10-01,90
934,V2,3.4,2.1,summer,4,90.1,52.8,18.3,58.9,2.3,26,76.4,2026-10-13,2026-10-15,90
935,M5,6.8,0.6,winter,27,28.9,76.6,30.4,88.2,10.1,17,26.0,2026-10-04,2026-10-06,92
936,M5,7.2,7.0,normal,52,374.4,98,20.0,77.4,9.7,0,316.6,2026-09-17,2026-09-19,92
937,V2,7.7,1.2,winter,8,43.0,67.2,32.3,88.3,6.1,40,40.5,2026-10-27,2026-10-29,90
938,V2,2.6,3.6,summer,40,144.1,98,35.3,81.7,27.4,0,129.9,2026-09-17,2026-09-19,92
939,V1,2.9,1.4,normal,31,66.7,93.1,23.8,60.6,1.2,0,54.8,2026-09-17,2026-09-19,92
940,V2,7.9,6.6,monsoon,5,263.3,65.6,24.0,55.5,20.1,20,249.5,2026-10-07,2026-10-09,92
941,V1,1.5,1.5,summer,34,53.1,89.7,18.4,69.7,11.8,1,50.9,2026-09-18,2026-09-20,92
942,V2,1.1,1.2,winter,28,,83.4,28.1,56.4,26.3,18,39.4,2026-10-05,2026-10-07,87
943,S36,4.7,8.0,winter,19,,60.3,31.1,72.4,1.2,28,289.0,2026-10-15,2026-10-17,89
944,S36,7.6,3.4,winter,35,103.8,91.5,33.8,50.3,11.0,4,104.0,2026-09-21,2026-09-23,90
945,S36,2.3,4.1,normal,9,178.1,68.3,30.5,85.4,0.7,23,145.5,2026-10-10,2026-10-12,92
946,V1,5.9,2.4,normal,26,82.4,85.5,36.8,83.9,5.2,14,86.3,2026-10-01,2026-10-03,92
947,M5,4.2,5.0,monsoon,33,233.9,92.7,35.8,75.4,14.1,0,205.7,2026-09-17,2026-09-19,92
948,V1,4.5,4.7,monsoon,14,184.9,81.4,23.5,58.2,10.5,5,184.5,2026-09-22,2026-09-24,90
949,V2,5.4,3.4,monsoon,24,123.4,97.3,24.8,69.3,10.0,1,137.2,2026-09-18,2026-09-20,94
950,S36,3.5,7.3,monsoon,25,252.8,98,37.4,54.0,4.1,1,246.0,2026-09-18,2026-09-20,90
951,S36,8.1,5.7,monsoon,37,198.5,95.4,27.3,69.4,1.2,0,198.5,2026-09-17,2026-09-19,94
952,M5,2.2,5.4,normal,18,227.6,74.7,25.8,78.7,27.0,17,229.3,2026-10-04,2026-10-06,94
953,M5,1.7,3.3,normal,7,135.3,67.8,36.6,66.4,46.9,24,126.6,2026-10-11,2026-10-13,87
954,V2,6.2,4.1,normal,10,133.9,75.1,20.8,50.8,14.3,24,133.9,2026-10-11,2026-10-13,90
955,V1,9.3,5.7,monsoon,31,214.6,97.2,20.2,90.9,12.7,0,192.1,2026-09-17,2026-09-19,90
956,M5,8.5,1.6,winter,13,85.1,65.9,34.1,83.8,2.3,29,69.8,2026-10-16,2026-10-18,92
957,M5,8.2,1.4,monsoon,17,,83.6,35.8,88.1,3.3,8,51.6,2026-09-25,2026-09-27,85
958,V2,4.7,2.2,summer,48,96.8,98,26.9,52.1,21.9,0,85.0,2026-09-17,2026-09-19,92
959,V2,4.6,7.1,winter,4,295.5,53.0,34.8,73.5,4.7,42,264.6,2026-10-29,2026-10-31,92
960,V2,2.5,2.9,normal,18,137.4,76.2,32.3,87.2,4.8,17,109.5,2026-10-04,2026-10-06,90
961,V2,7.3,0.7,winter,27,25.4,83.2,26.9,64.9,5.8,18,26.9,2026-10-05,2026-10-07,94
962,S36,2.6,4.9,monsoon,15,155.8,88.9,25.3,80.8,0.9,4,171.1,2026-09-21,2026-09-23,94
963,M5,1.3,7.5,normal,21,279.0,83.9,35.4,53.7,5.3,10,275.4,2026-09-27,2026-09-29,90
964,S36,3.2,4.0,normal,18,,80.8,18.3,90.2,9.2,13,127.1,2026-09-30,2026-10-02,85
965,V2,5.8,3.3,monsoon,14,,83.0,35.1,81.0,7.2,7,122.6,2026-09-24,2026-09-26,87
966,S36,1.0,1.7,monsoon,26,54.5,98,29.5,58.1,2.8,0,53.4,2026-09-17,2026-09-19,92
967,V1,1.1,3.3,summer,32,136.7,90.4,33.1,70.9,13.0,1,121.2,2026-09-18,2026-09-20,92
968,V2,7.6,4.4,normal,35,,97.2,35.2,50.9,0.4,0,154.7,2026-09-17,2026-09-19,85
969,V2,4.1,3.3,winter,15,145.7,67.8,33.5,80.3,6.0,31,126.9,2026-10-18,2026-10-20,92
970,S36,1.9,7.3,normal,34,236.4,92.2,26.0,78.5,4.6,0,243.4,2026-09-17,2026-09-19,94
971,S36,9.0,7.4,winter,6,317.3,55.2,35.7,86.0,0.8,40,263.1,2026-10-27,2026-10-29,90
972,V2,1.1,3.0,winter,13,98.9,72.9,18.2,49.8,13.6,36,88.3,2026-10-23,2026-10-25,90
973,V2,3.7,5.1,winter,23,225.5,73.5,28.3,50.8,5.8,25,202.2,2026-10-12,2026-10-14,92
974,V1,10.0,1.6,normal,45,,98,32.3,79.4,10.1,0,51.6,2026-09-17,2026-09-19,87
975,V2,2.6,0.8,summer,15,38.3,72.7,34.0,86.5,5.6,14,29.3,2026-10-01,2026-10-03,90
976,M5,7.4,6.4,monsoon,13,334.0,77.1,36.5,68.2,0.8,13,281.6,2026-09-30,2026-10-02,92
977,V2,9.6,2.4,winter,45,99.6,89.9,31.6,78.7,7.3,4,87.8,2026-09-21,2026-09-23,94
978,V1,4.6,2.5,winter,49,94.8,98,37.8,47.4,9.0,0,90.7,2026-09-17,2026-09-19,90
979,S36,4.9,1.6,summer,29,71.2,90.0,24.6,48.8,1.8,3,64.4,2026-09-20,2026-09-22,92
980,V1,4.6,6.6,monsoon,33,275.7,93.8,37.6,60.7,4.6,0,263.4,2026-09-17,2026-09-19,92
981,S36,4.4,6.9,winter,42,,95.3,30.0,72.9,19.2,0,273.1,2026-09-17,2026-09-19,89
982,V1,1.9,3.7,summer,6,147.1,59.6,18.0,53.3,1.4,25,136.0,2026-10-12,2026-10-14,90
983,V1,0.9,7.2,winter,5,350.4,61.5,18.8,45.0,25.6,36,230.9,2026-10-23,2026-10-25,90
984,V1,8.4,2.6,summer,41,109.0,98.0,35.0,52.4,15.0,0,96.1,2026-09-17,2026-09-19,90
985,S36,7.1,6.6,winter,22,231.7,71.6,26.0,82.9,2.7,26,237.3,2026-10-13,2026-10-15,94
986,V2,1.9,1.7,summer,40,,98,35.5,51.9,63.3,1,51.0,2026-09-18,2026-09-20,80
987,V2,4.6,1.4,winter,33,62.8,83.6,25.8,61.2,0.5,10,56.3,2026-09-27,2026-09-29,94
988,V2,4.9,7.7,winter,11,364.4,61.2,34.3,80.0,12.3,37,303.1,2026-10-24,2026-10-26,92
989,S36,9.6,3.6,normal,12,119.3,70.8,28.3,68.3,3.3,22,124.8,2026-10-09,2026-10-11,94
990,M5,7.3,6.5,winter,3,251.3,58.2,20.1,81.3,34.8,43,254.8,2026-10-30,2026-11-01,92
991,V2,9.0,8.0,monsoon,5,,57.2,28.9,70.3,14.1,19,274.5,2026-10-06,2026-10-08,89
992,V1,5.0,7.1,normal,39,274.4,96.8,22.6,59.8,8.9,1,274.5,2026-09-18,2026-09-20,90
993,M5,4.3,0.5,monsoon,10,20.5,81.4,25.9,65.2,31.9,9,20.4,2026-09-26,2026-09-28,94
994,M5,7.8,5.5,normal,16,289.6,70.1,28.7,71.0,15.1,23,256.0,2026-10-10,2026-10-12,94
995,M5,2.2,5.4,summer,8,210.8,63.0,27.6,49.7,26.7,26,211.7,2026-10-13,2026-10-15,92
996,V2,2.4,1.7,summer,22,,85.1,38.0,77.5,10.2,9,63.1,2026-09-26,2026-09-28,87
997,V1,9.6,1.0,winter,10,41.7,64.9,28.0,84.3,7.6,33,38.1,2026-10-20,2026-10-22,94
998,V1,3.9,1.2,monsoon,15,56.5,76.4,28.9,56.8,0.2,8,49.4,2026-09-25,2026-09-27,92
999,M5,2.0,6.6,monsoon,25,285.4,98,33.9,65.3,16.5,0,260.7,2026-09-17,2026-09-19,92
1000,V1,9.8,6.1,normal,52,208.7,98,27.2,60.1,4.6,0,210.8,2026-09-17,2026-09-19,94
